"sex","method","age_group","sample","race","published_estimate","effect","ma_method","test","mean","lb","ub","p","k","set","set_es","kc","full_set","rank","ci"
"men","image","adults","healthy","white","no","z","REML","z-test",-0.0468361385395849,-0.237284040318851,0.14707874973043,0.63761074332004,2,"2,3","2,4",2,0,1,0.384362790049281
"men","image","adults","healthy","white","no","z","REML","t-test",-0.0468361385395849,-0.864574958113617,0.838898642093314,0.719751055539568,2,"2,3","2,4",2,0,2,1.70347360020693
"men","image","adults","healthy","white","no","z","ML","t-test",-0.046836138539222,-0.864574958119578,0.838898642100522,0.719751055546125,2,"2,3","2,4",2,0,3,1.7034736002201
"men","image","adults","healthy","white","no","z","ML","z-test",-0.046836138539222,-0.237284040321997,0.147078749734403,0.637610743329027,2,"2,3","2,4",2,0,4,0.3843627900564
"men","image","adults","all_sample","white","no","z","ML","t-test",-0.0286127674701596,-0.351993287811198,0.300870033333932,0.751280481454282,3,"2,3","2,4,5",2,0,5,0.65286332114513
"men","image","adults","all_sample","white","no","z","ML","z-test",-0.0286127674701596,-0.181068687260797,0.125186049765605,0.716489516192006,3,"2,3","2,4,5",2,0,6,0.306254737026402
"men","image","adults","all_sample","white","no","z","REML","z-test",-0.0286127674656533,-0.181068687323959,0.125186049838763,0.716489516357352,3,"2,3","2,4,5",2,0,7,0.306254737162722
"men","image","adults","all_sample","white","no","z","REML","t-test",-0.0286127674656533,-0.351993287941516,0.300870033477418,0.751280481596507,3,"2,3","2,4,5",2,0,8,0.652863321418934
"all_sex","image","adults","healthy","white","no","z","REML","t-test",-0.0278393545277427,-0.34331439711138,0.29328061334365,0.75133178928727,3,"2,3","2,3,4",2,0,9,0.63659501045503
"all_sex","image","adults","healthy","white","no","z","REML","z-test",-0.0278393545277427,-0.176307285721582,0.121867085242283,0.716549164486521,3,"2,3","2,3,4",2,0,10,0.298174370963864
"all_sex","image","adults","healthy","white","no","z","ML","t-test",-0.027839354524302,-0.343314397040595,0.293280613276604,0.751331789261825,3,"2,3","2,3,4",2,0,11,0.636595010317199
"all_sex","image","adults","healthy","white","no","z","ML","z-test",-0.027839354524302,-0.176307285684349,0.121867085211211,0.71654916445694,3,"2,3","2,3,4",2,0,12,0.29817437089556
"men","direct","adults","healthy","white","yes","z","ML","z-test",-0.0275481999588583,-0.0969381030158009,0.0421082111349766,0.43835056017109,3,"1,12,14","1,17,20",3,0,13,0.139046314150778
"men","direct","adults","healthy","white","yes","z","ML","t-test",-0.0275481999588583,-0.178603588155325,0.124775884713111,0.519431958899757,3,"1,12,14","1,17,20",3,0,14,0.303379472868436
"men","direct","adults","all_sample","white","yes","z","ML","z-test",-0.024496976829918,-0.0910444558186281,0.0422683160393415,0.472169408700139,4,"1,12,14","1,17,19,20",3,0,15,0.13331277185797
"men","direct","adults","all_sample","white","yes","z","ML","t-test",-0.024496976829918,-0.13218136655623,0.0837589013030205,0.524110136272706,4,"1,12,14","1,17,19,20",3,0,16,0.215940267859251
"all_sex","image","adults","all_sample","white","no","z","ML","z-test",-0.0200317257211575,-0.148171728352035,0.108769774574617,0.761252223792546,4,"2,3","2,3,4,5",2,0,17,0.256941502926653
"all_sex","image","adults","all_sample","white","no","z","ML","t-test",-0.0200317257211575,-0.225913246993582,0.187562789817909,0.781106728818888,4,"2,3","2,3,4,5",2,0,18,0.413476036811491
"all_sex","image","adults","all_sample","white","no","z","REML","z-test",-0.0200317257209019,-0.148171728362306,0.1087697745855,0.761252223814768,4,"2,3","2,3,4,5",2,0,19,0.256941502947806
"all_sex","image","adults","all_sample","white","no","z","REML","t-test",-0.0200317257209019,-0.225913247009915,0.187562789835008,0.781106728839068,4,"2,3","2,3,4,5",2,0,20,0.413476036844922
"men","all_method","adults","healthy","white","all_published_estimate","z","ML","z-test",-0.0190485239185648,-0.0712746308811298,0.0332817402964874,0.475644240945053,10,"1,2,3,4,7,8,12,13,14,18","1,2,4,6,10,11,17,18,20,25",10,0,21,0.104556371177617
"men","all_method","adults","healthy","white","all_published_estimate","z","ML","t-test",-0.0190485239185648,-0.0792995304691637,0.0413411505289583,0.493724488815979,10,"1,2,3,4,7,8,12,13,14,18","1,2,4,6,10,11,17,18,20,25",10,0,22,0.120640680998122
"men","all_method","adults","healthy","white","all_published_estimate","z","REML","t-test",-0.0190485238831306,-0.0792995304770965,0.0413411506077006,0.493724489900661,10,"1,2,3,4,7,8,12,13,14,18","1,2,4,6,10,11,17,18,20,25",10,0,23,0.120640681084797
"men","all_method","adults","healthy","white","all_published_estimate","z","REML","z-test",-0.0190485238831306,-0.0712746308833,0.0332817403694819,0.475644242083397,10,"1,2,3,4,7,8,12,13,14,18","1,2,4,6,10,11,17,18,20,25",10,0,24,0.104556371252782
"all_sex","all_method","adults","healthy","white","all_published_estimate","z","ML","z-test",-0.0181552185312582,-0.0691491358401167,0.0329333261008258,0.486181599652855,11,"1,2,3,4,7,8,12,13,14,18","1,2,3,4,6,10,11,17,18,20,25",10,0,25,0.102082461940943
"all_sex","all_method","adults","healthy","white","all_published_estimate","z","ML","t-test",-0.0181552185312582,-0.0761043920035987,0.0399161867476051,0.502046979501515,11,"1,2,3,4,7,8,12,13,14,18","1,2,3,4,6,10,11,17,18,20,25",10,0,26,0.116020578751204
"all_sex","all_method","adults","healthy","white","all_published_estimate","z","REML","t-test",-0.0181552184932564,-0.0761043920097569,0.0399161868296969,0.502046980693805,11,"1,2,3,4,7,8,12,13,14,18","1,2,3,4,6,10,11,17,18,20,25",10,0,27,0.116020578839454
"all_sex","all_method","adults","healthy","white","all_published_estimate","z","REML","z-test",-0.0181552184932564,-0.0691491358409858,0.0329333261776443,0.486181600897458,11,"1,2,3,4,7,8,12,13,14,18","1,2,3,4,6,10,11,17,18,20,25",10,0,28,0.10208246201863
"men","all_method","adults","all_sample","white","all_published_estimate","z","ML","z-test",-0.0168934564895388,-0.0668698650773977,0.0331675065967633,0.508429025800207,12,"1,2,3,4,7,8,12,13,14,18","1,2,4,5,6,10,11,17,18,19,20,25",10,0,29,0.100037371674161
"men","all_method","adults","all_sample","white","all_published_estimate","z","ML","t-test",-0.0168934564895388,-0.0729975327279365,0.039317202165706,0.522039085341904,12,"1,2,3,4,7,8,12,13,14,18","1,2,4,5,6,10,11,17,18,19,20,25",10,0,30,0.112314734893642
"men","all_method","adults","all_sample","white","all_published_estimate","z","REML","t-test",-0.0168934564388988,-0.0729975327327928,0.0393172022717332,0.522039086968966,12,"1,2,3,4,7,8,12,13,14,18","1,2,4,5,6,10,11,17,18,19,20,25",10,0,31,0.112314735004526
"men","all_method","adults","all_sample","white","all_published_estimate","z","REML","z-test",-0.0168934564388988,-0.0668698650762038,0.0331675066967628,0.50842902749021,12,"1,2,3,4,7,8,12,13,14,18","1,2,4,5,6,10,11,17,18,19,20,25",10,0,32,0.100037371772967
"men","all_method","adults","healthy","white","yes","z","ML","t-test",-0.0168895142924559,-0.082262471040956,0.0486281621627731,0.561601954984586,8,"1,4,7,8,12,13,14,18","1,6,10,11,17,18,20,25",8,0,33,0.130890633203729
"men","all_method","adults","healthy","white","yes","z","ML","z-test",-0.0168895142924559,-0.0711096235007528,0.0374301098368851,0.542357284479579,8,"1,4,7,8,12,13,14,18","1,6,10,11,17,18,20,25",8,0,34,0.108539733337638
"men","all_method","adults","healthy","white","yes","z","REML","z-test",-0.0168402856139696,-0.0711105378430448,0.0375293745583846,0.543906801114019,8,"1,4,7,8,12,13,14,18","1,6,10,11,17,18,20,25",8,0,35,0.108639912401429
"men","all_method","adults","healthy","white","yes","z","REML","t-test",-0.0168402856139696,-0.0822736702524272,0.0487376629197949,0.563066181614136,8,"1,4,7,8,12,13,14,18","1,6,10,11,17,18,20,25",8,0,36,0.131011333172222
"all_sex","all_method","adults","all_sample","white","all_published_estimate","z","ML","z-test",-0.0161655109215596,-0.065058690360662,0.0328050998508526,0.517710371955702,13,"1,2,3,4,7,8,12,13,14,18","1,2,3,4,5,6,10,11,17,18,19,20,25",10,0,37,0.0978637902115146
"all_sex","all_method","adults","all_sample","white","all_published_estimate","z","ML","t-test",-0.0161655109215596,-0.0705030605030517,0.038267691280011,0.529889748100149,13,"1,2,3,4,7,8,12,13,14,18","1,2,3,4,5,6,10,11,17,18,19,20,25",10,0,38,0.108770751783063
"all_sex","all_method","adults","all_sample","white","all_published_estimate","z","REML","z-test",-0.0161655109078208,-0.0650586903599589,0.0328050998776024,0.517710372423033,13,"1,2,3,4,7,8,12,13,14,18","1,2,3,4,5,6,10,11,17,18,19,20,25",10,0,39,0.0978637902375613
"all_sex","all_method","adults","all_sample","white","all_published_estimate","z","REML","t-test",-0.0161655109078208,-0.0705030605037975,0.0382676913082038,0.529889748551685,13,"1,2,3,4,7,8,12,13,14,18","1,2,3,4,5,6,10,11,17,18,19,20,25",10,0,40,0.108770751812001
"men","all_method","adults","all_sample","white","yes","z","ML","z-test",-0.015516861274392,-0.0683447429497762,0.0373977920005232,0.565569155051546,9,"1,4,7,8,12,13,14,18","1,6,10,11,17,18,19,20,25",8,0,41,0.105742534950299
"men","all_method","adults","all_sample","white","yes","z","ML","t-test",-0.015516861274392,-0.0776404939541104,0.0467268015796652,0.581362580771672,9,"1,4,7,8,12,13,14,18","1,6,10,11,17,18,19,20,25",8,0,42,0.124367295533776
"men","all_method","adults","all_sample","white","yes","z","REML","t-test",-0.0155168608271597,-0.0776404940168392,0.0467268025353632,0.581362594486819,9,"1,4,7,8,12,13,14,18","1,6,10,11,17,18,19,20,25",8,0,43,0.124367296552202
"men","all_method","adults","all_sample","white","yes","z","REML","z-test",-0.0155168608271597,-0.0683447429363502,0.0373977928804818,0.565569169442153,9,"1,4,7,8,12,13,14,18","1,6,10,11,17,18,19,20,25",8,0,44,0.105742535816832
"women","image","non-adults","healthy","white","yes","z","REML","z-test",-0.012529151994366,-0.140660635874997,0.116015121197335,0.849098261095781,5,"5,9,17,20","8,13,24,29,31",4,0,45,0.256675757072332
"women","image","non-adults","healthy","white","yes","z","REML","t-test",-0.012529151994366,-0.192919037919801,0.168679975740297,0.858364319568498,5,"5,9,17,20","8,13,24,29,31",4,0,46,0.361599013660097
"men","image","adults","healthy","white","all_published_estimate","z","ML","t-test",-0.00804094023180738,-0.106625714944754,0.0907003919319387,0.849011808405696,7,"2,3,4,7,8,13,18","2,4,6,10,11,18,25",7,0,47,0.197326106876693
"men","image","adults","healthy","white","all_published_estimate","z","ML","z-test",-0.00804094023180738,-0.0871114151787846,0.0711302154188866,0.842447690663575,7,"2,3,4,7,8,13,18","2,4,6,10,11,18,25",7,0,48,0.158241630597671
"men","image","adults","healthy","white","all_published_estimate","z","REML","z-test",-0.0080409402305576,-0.0871114151866295,0.0711302154292385,0.842447690705696,7,"2,3,4,7,8,13,18","2,4,6,10,11,18,25",7,0,49,0.158241630615868
"men","image","adults","healthy","white","all_published_estimate","z","REML","t-test",-0.0080409402305576,-0.106625714954817,0.0907003919445135,0.849011808445975,7,"2,3,4,7,8,13,18","2,4,6,10,11,18,25",7,0,50,0.197326106899331
"all_sex","image","adults","healthy","white","all_published_estimate","z","REML","t-test",-0.00722505129123637,-0.0975927593135199,0.083260821401568,0.855901361716839,8,"2,3,4,7,8,13,18","2,3,4,6,10,11,18,25",7,0,51,0.180853580715088
"all_sex","image","adults","healthy","white","all_published_estimate","z","REML","z-test",-0.00722505129123637,-0.0822004700893147,0.0678316884107986,0.850555602044912,8,"2,3,4,7,8,13,18","2,3,4,6,10,11,18,25",7,0,52,0.150032158500113
"all_sex","image","adults","healthy","white","all_published_estimate","z","ML","t-test",-0.007225051290159,-0.0975927593219644,0.0832608214121745,0.855901361753095,8,"2,3,4,7,8,13,18","2,3,4,6,10,11,18,25",7,0,53,0.180853580734139
"all_sex","image","adults","healthy","white","all_published_estimate","z","ML","z-test",-0.007225051290159,-0.0822004700961505,0.0678316884197942,0.850555602082575,8,"2,3,4,7,8,13,18","2,3,4,6,10,11,18,25",7,0,54,0.150032158515945
"men","image","adults","all_sample","white","all_published_estimate","z","REML","z-test",-0.00713418624984692,-0.0826091886085073,0.0684221873206669,0.853382201757196,8,"2,3,4,7,8,13,18","2,4,5,6,10,11,18,25",7,0,55,0.151031375929174
"men","image","adults","all_sample","white","all_published_estimate","z","REML","t-test",-0.00713418624984692,-0.0981030627316354,0.0839529252997774,0.858622474265903,8,"2,3,4,7,8,13,18","2,4,5,6,10,11,18,25",7,0,56,0.182055988031413
"men","image","adults","all_sample","white","all_published_estimate","z","ML","t-test",-0.00713418624866196,-0.0981030627393017,0.083952925309817,0.858622474302728,8,"2,3,4,7,8,13,18","2,4,5,6,10,11,18,25",7,0,57,0.182055988049119
"men","image","adults","all_sample","white","all_published_estimate","z","ML","z-test",-0.00713418624866196,-0.0826091886146782,0.0684221873292101,0.853382201795447,8,"2,3,4,7,8,13,18","2,4,5,6,10,11,18,25",7,0,58,0.151031375943888
"all_sex","image","adults","all_sample","white","all_published_estimate","z","ML","t-test",-0.00646899109644131,-0.0909871409399189,0.0781416839113487,0.864684190323564,9,"2,3,4,7,8,13,18","2,3,4,5,6,10,11,18,25",7,0,59,0.169128824851268
"all_sex","image","adults","all_sample","white","all_published_estimate","z","ML","z-test",-0.00646899109644131,-0.0783578260369582,0.0654867724462964,0.860311196500322,9,"2,3,4,7,8,13,18","2,3,4,5,6,10,11,18,25",7,0,60,0.143844598483255
"all_sex","image","adults","all_sample","white","all_published_estimate","z","REML","t-test",-0.00646899109446373,-0.0909871409507062,0.0781416839260907,0.864684190384737,9,"2,3,4,7,8,13,18","2,3,4,5,6,10,11,18,25",7,0,61,0.169128824876797
"all_sex","image","adults","all_sample","white","all_published_estimate","z","REML","z-test",-0.00646899109446373,-0.0783578260458515,0.0654867724591447,0.860311196563552,9,"2,3,4,7,8,13,18","2,3,4,5,6,10,11,18,25",7,0,62,0.143844598504996
"women","image","adults","healthy","other","yes","z","ML","z-test",-0.0046624887667347,-0.063195678537381,0.0539026677723724,0.876113053146279,3,"11,16,19","16,23,27",3,0,63,0.117098346309753
"women","image","adults","healthy","other","yes","z","ML","t-test",-0.0046624887667347,-0.132559080067607,0.123386821666894,0.890426901112394,3,"11,16,19","16,23,27",3,0,64,0.255945901734501
"women","image","adults","healthy","other","yes","z","REML","z-test",-0.00466248876634973,-0.0631956785388716,0.0539026677746323,0.87611305316037,3,"11,16,19","16,23,27",3,0,65,0.117098346313504
"women","image","adults","healthy","other","yes","z","REML","t-test",-0.00466248876634973,-0.132559080071287,0.123386821671341,0.890426901124807,3,"11,16,19","16,23,27",3,0,66,0.255945901742628
"women","image","adults","healthy","all_race","all_published_estimate","z","ML","z-test",-0.00439146310369082,-0.0612031709661007,0.0524486069681193,0.879739492246233,4,"2,11,16,19","3,16,23,27",4,0,67,0.11365177793422
"women","image","adults","healthy","all_race","all_published_estimate","z","ML","t-test",-0.00439146310369082,-0.0964616400354772,0.0877532276610671,0.889340902900829,4,"2,11,16,19","3,16,23,27",4,0,68,0.184214867696544
"women","image","adults","healthy","all_race","all_published_estimate","z","REML","z-test",-0.0043914631026717,-0.0612031709697672,0.0524486069738222,0.879739492283789,4,"2,11,16,19","3,16,23,27",4,0,69,0.113651777943589
"women","image","adults","healthy","all_race","all_published_estimate","z","REML","t-test",-0.0043914631026717,-0.0964616400420272,0.0877532276696502,0.8893409029353,4,"2,11,16,19","3,16,23,27",4,0,70,0.184214867711677
"men","all_method","all_age_group","healthy","white","all_published_estimate","z","REML","t-test",-0.00186788387998302,-0.0331229454045858,0.0293908274761056,0.900369132502047,16,"1,2,3,4,5,7,8,9,10,12,13,14,15,18,20","1,2,4,6,7,10,11,12,14,17,18,20,21,25,28,30",15,0,71,0.0625137728806914
"men","all_method","all_age_group","healthy","white","all_published_estimate","z","REML","z-test",-0.00186788387998302,-0.0306099033331909,0.0268772220469016,0.898677830974389,16,"1,2,3,4,5,7,8,9,10,12,13,14,15,18,20","1,2,4,6,7,10,11,12,14,17,18,20,21,25,28,30",15,0,72,0.0574871253800925
"men","all_method","all_age_group","healthy","white","all_published_estimate","z","ML","t-test",-0.00186788381700879,-0.033122945158392,0.0293908273556945,0.900369135260407,16,"1,2,3,4,5,7,8,9,10,12,13,14,15,18,20","1,2,4,6,7,10,11,12,14,17,18,20,21,25,28,30",15,0,73,0.0625137725140866
"men","all_method","all_age_group","healthy","white","all_published_estimate","z","ML","z-test",-0.00186788381700879,-0.0306099031017065,0.0268772219412254,0.898677833780576,16,"1,2,3,4,5,7,8,9,10,12,13,14,15,18,20","1,2,4,6,7,10,11,12,14,17,18,20,21,25,28,30",15,0,74,0.0574871250429319
"men","all_method","all_age_group","all_sample","white","all_published_estimate","z","REML","t-test",-0.00164413560867779,-0.0321588315614516,0.0288736225224256,0.910857634740457,18,"1,2,3,4,5,7,8,9,10,12,13,14,15,18,20","1,2,4,5,6,7,10,11,12,14,17,18,19,20,21,25,28,30",15,0,75,0.0610324540838772
"men","all_method","all_age_group","all_sample","white","all_published_estimate","z","REML","z-test",-0.00164413560867779,-0.0299928040306111,0.0267071756760656,0.90952640909306,18,"1,2,3,4,5,7,8,9,10,12,13,14,15,18,20","1,2,4,5,6,7,10,11,12,14,17,18,19,20,21,25,28,30",15,0,76,0.0566999797066768
"men","all_method","all_age_group","all_sample","white","all_published_estimate","z","ML","t-test",-0.00164413556987251,-0.0321588314115952,0.0288736224500852,0.910857636511582,18,"1,2,3,4,5,7,8,9,10,12,13,14,15,18,20","1,2,4,5,6,7,10,11,12,14,17,18,19,20,21,25,28,30",15,0,77,0.0610324538616804
"men","all_method","all_age_group","all_sample","white","all_published_estimate","z","ML","z-test",-0.00164413556987251,-0.0299928038886259,0.0267071756116094,0.909526410891087,18,"1,2,3,4,5,7,8,9,10,12,13,14,15,18,20","1,2,4,5,6,7,10,11,12,14,17,18,19,20,21,25,28,30",15,0,78,0.0566999795002353
"men","all_method","all_age_group","healthy","white","yes","z","REML","z-test",-0.000868049242042764,-0.0299283289600207,0.0281936966859345,0.953328542935639,14,"1,4,5,7,8,9,10,12,13,14,15,18,20","1,6,7,10,11,12,14,17,18,20,21,25,28,30",13,0,79,0.0581220256459552
"men","all_method","all_age_group","healthy","white","yes","z","REML","t-test",-0.000868049242042764,-0.0328976971009695,0.0311633797778267,0.954218641114229,14,"1,4,5,7,8,9,10,12,13,14,15,18,20","1,6,7,10,11,12,14,17,18,20,21,25,28,30",13,0,80,0.0640610768787962
"men","all_method","all_age_group","healthy","white","yes","z","ML","t-test",-0.000868049203477728,-0.0328976969176702,0.0311633796715623,0.954218642938843,14,"1,4,5,7,8,9,10,12,13,14,15,18,20","1,6,7,10,11,12,14,17,18,20,21,25,28,30",13,0,81,0.0640610765892326
"men","all_method","all_age_group","healthy","white","yes","z","ML","z-test",-0.000868049203477728,-0.0299283287901198,0.0281936965930853,0.953328544795891,14,"1,4,5,7,8,9,10,12,13,14,15,18,20","1,6,7,10,11,12,14,17,18,20,21,25,28,30",13,0,82,0.058122025383205
"men","all_method","all_age_group","all_sample","white","yes","z","REML","t-test",-0.000703234171667371,-0.0322603367907561,0.030855269142803,0.962567632660984,15,"1,4,5,7,8,9,10,12,13,14,15,18,20","1,6,7,10,11,12,14,17,18,19,20,21,25,28,30",13,0,83,0.0631156059335592
"men","all_method","all_age_group","all_sample","white","yes","z","REML","z-test",-0.000703234171667371,-0.029542600924544,0.0281373024017221,0.961892734314176,15,"1,4,5,7,8,9,10,12,13,14,15,18,20","1,6,7,10,11,12,14,17,18,19,20,21,25,28,30",13,0,84,0.0576799033262661
"men","all_method","all_age_group","all_sample","white","yes","z","ML","t-test",-0.000703234147832776,-0.0322603366454848,0.0308552690451427,0.962567633784583,15,"1,4,5,7,8,9,10,12,13,14,15,18,20","1,6,7,10,11,12,14,17,18,19,20,21,25,28,30",13,0,85,0.0631156056906275
"men","all_method","all_age_group","all_sample","white","yes","z","ML","z-test",-0.000703234147832776,-0.0295426007897167,0.0281373023145154,0.961892735458095,15,"1,4,5,7,8,9,10,12,13,14,15,18,20","1,6,7,10,11,12,14,17,18,19,20,21,25,28,30",13,0,86,0.0576799031042321
"men","image","adults","healthy","white","yes","z","ML","z-test",-0.000351385967465878,-0.0869201553118138,0.086222650377546,0.993668523162476,5,"4,7,8,13,18","6,10,11,18,25",5,0,87,0.17314280568936
"men","image","adults","healthy","white","yes","z","ML","t-test",-0.000351385967465878,-0.122673463352384,0.121981207681812,0.994048518541981,5,"4,7,8,13,18","6,10,11,18,25",5,0,88,0.244654671034195
"men","image","adults","healthy","white","yes","z","REML","z-test",-0.000351385966729797,-0.0869201553145674,0.0862226503817611,0.993668523175995,5,"4,7,8,13,18","6,10,11,18,25",5,0,89,0.173142805696328
"men","image","adults","healthy","white","yes","z","REML","t-test",-0.000351385966729797,-0.122673463356557,0.121981207687436,0.994048518554688,5,"4,7,8,13,18","6,10,11,18,25",5,0,90,0.244654671043993
"all_sex","all_method","adults","healthy","all_race","all_published_estimate","z","ML","z-test",0.000756847157358914,-0.0332824436027208,0.0347943841295879,0.965252649137508,17,"1,2,3,4,6,7,8,11,12,13,14,16,18,19","1,2,3,4,6,9,10,11,15,16,17,18,20,23,25,26,27",14,0,91,0.0680768277323087
"all_sex","all_method","adults","healthy","all_race","all_published_estimate","z","ML","t-test",0.000756847157358914,-0.0360578546947091,0.0375694975789518,0.965791686160232,17,"1,2,3,4,6,7,8,11,12,13,14,16,18,19","1,2,3,4,6,9,10,11,15,16,17,18,20,23,25,26,27",14,0,92,0.0736273522736609
"all_sex","all_method","adults","healthy","all_race","all_published_estimate","z","REML","t-test",0.000756847174946057,-0.0360578546883015,0.0375694976076696,0.965791685376223,17,"1,2,3,4,6,7,8,11,12,13,14,16,18,19","1,2,3,4,6,9,10,11,15,16,17,18,20,23,25,26,27",14,0,93,0.073627352295971
"all_sex","all_method","adults","healthy","all_race","all_published_estimate","z","REML","z-test",0.000756847174946057,-0.0332824435954701,0.0347943841574696,0.965252648341113,17,"1,2,3,4,6,7,8,11,12,13,14,16,18,19","1,2,3,4,6,9,10,11,15,16,17,18,20,23,25,26,27",14,0,94,0.0680768277529397
"women","image","adults","all_sample","all_race","all_published_estimate","z","ML","t-test",0.00174729208523162,-0.0763832649509462,0.0798565225956646,0.953557002125162,5,"2,11,16,19","3,16,22,23,27",4,0,95,0.156239787546611
"women","image","adults","all_sample","all_race","all_published_estimate","z","ML","z-test",0.00174729208523162,-0.05346129022129,0.0569452249647652,0.950583907221509,5,"2,11,16,19","3,16,22,23,27",4,0,96,0.110406515186055
"women","image","adults","all_sample","all_race","all_published_estimate","z","REML","z-test",0.00174729209273127,-0.053461290234855,0.0569452249932757,0.950583907028526,5,"2,11,16,19","3,16,22,23,27",4,0,97,0.110406515228131
"women","image","adults","all_sample","all_race","all_published_estimate","z","REML","t-test",0.00174729209273127,-0.0763832649732107,0.0798565226328206,0.953557001943848,5,"2,11,16,19","3,16,22,23,27",4,0,98,0.156239787606031
"women","image","adults","all_sample","other","yes","z","ML","z-test",0.00184869064667307,-0.054936346047436,0.05862180744737,0.949172157791931,4,"11,16,19","16,22,23,27",3,0,99,0.113558153494806
"women","image","adults","all_sample","other","yes","z","ML","t-test",0.00184869064667307,-0.0901987889498413,0.0938648538493785,0.95318195449833,4,"11,16,19","16,22,23,27",3,0,100,0.18406364279922
"women","image","adults","all_sample","other","yes","z","REML","z-test",0.00184869065864998,-0.0549363460695556,0.058621807493352,0.949172157493592,4,"11,16,19","16,22,23,27",3,0,101,0.113558153562908
"women","image","adults","all_sample","other","yes","z","REML","t-test",0.00184869065864998,-0.0901987889929828,0.0938648539162334,0.95318195422365,4,"11,16,19","16,22,23,27",3,0,102,0.184063642909216
"all_sex","all_method","adults","healthy","all_race","yes","z","ML","t-test",0.0023039566690205,-0.0362152221110436,0.0408162997400396,0.899203549601059,14,"1,4,6,7,8,11,12,13,14,16,18,19","1,6,9,10,11,15,16,17,18,20,23,25,26,27",12,0,103,0.0770315218510832
"all_sex","all_method","adults","healthy","all_race","yes","z","ML","z-test",0.0023039566690205,-0.0326447959264084,0.0372470819649145,0.897226521376961,14,"1,4,6,7,8,11,12,13,14,16,18,19","1,6,9,10,11,15,16,17,18,20,23,25,26,27",12,0,104,0.069891877891323
"all_sex","all_method","adults","healthy","all_race","yes","z","REML","z-test",0.00230395684745675,-0.0326447959096356,0.0372470823045264,0.897226513934083,14,"1,4,6,7,8,11,12,13,14,16,18,19","1,6,9,10,11,15,16,17,18,20,23,25,26,27",12,0,105,0.069891878214162
"all_sex","all_method","adults","healthy","all_race","yes","z","REML","t-test",0.00230395684745675,-0.0362152221107814,0.0408163000960574,0.899203542304451,14,"1,4,6,7,8,11,12,13,14,16,18,19","1,6,9,10,11,15,16,17,18,20,23,25,26,27",12,0,106,0.0770315222068388
"all_sex","all_method","adults","all_sample","all_race","all_published_estimate","z","ML","t-test",0.00305754724371849,-0.032239284927516,0.0383467623973098,0.858091714412271,20,"1,2,3,4,6,7,8,11,12,13,14,16,18,19","1,2,3,4,5,6,9,10,11,15,16,17,18,19,20,22,23,25,26,27",14,0,107,0.0705860473248258
"all_sex","all_method","adults","all_sample","all_race","all_published_estimate","z","ML","z-test",0.00305754724371849,-0.0299968185455486,0.0361052330229724,0.856172204381071,20,"1,2,3,4,6,7,8,11,12,13,14,16,18,19","1,2,3,4,5,6,9,10,11,15,16,17,18,19,20,22,23,25,26,27",14,0,108,0.066102051568521
"all_sex","all_method","adults","all_sample","all_race","all_published_estimate","z","REML","t-test",0.00305754728940894,-0.0322392849220262,0.0383467624830697,0.858091712475657,20,"1,2,3,4,6,7,8,11,12,13,14,16,18,19","1,2,3,4,5,6,9,10,11,15,16,17,18,19,20,22,23,25,26,27",14,0,109,0.0705860474050959
"all_sex","all_method","adults","all_sample","all_race","all_published_estimate","z","REML","z-test",0.00305754728940894,-0.029996818537505,0.0361052331061946,0.856172202417151,20,"1,2,3,4,6,7,8,11,12,13,14,16,18,19","1,2,3,4,5,6,9,10,11,15,16,17,18,19,20,22,23,25,26,27",14,0,110,0.0661020516436996
"men","image","all_age_group","all_sample","white","all_published_estimate","z","ML","t-test",0.0033815179721965,-0.0311312471601212,0.0378862292308069,0.83569325332765,14,"2,3,4,5,7,8,9,10,13,15,18,20","2,4,5,6,7,10,11,12,14,18,21,25,28,30",12,0,111,0.0690174763909281
"men","image","all_age_group","all_sample","white","all_published_estimate","z","ML","z-test",0.0033815179721965,-0.0279315622497723,0.0346879683048129,0.83241187379044,14,"2,3,4,5,7,8,9,10,13,15,18,20","2,4,5,6,7,10,11,12,14,18,21,25,28,30",12,0,112,0.0626195305545851
"men","image","all_age_group","all_sample","white","all_published_estimate","z","REML","t-test",0.00338151797989895,-0.0311312472061793,0.0378862292922265,0.835693253211351,14,"2,3,4,5,7,8,9,10,13,15,18,20","2,4,5,6,7,10,11,12,14,18,21,25,28,30",12,0,113,0.0690174764984057
"men","image","all_age_group","all_sample","white","all_published_estimate","z","REML","z-test",0.00338151797989895,-0.0279315622908518,0.0346879683612615,0.832411873671685,14,"2,3,4,5,7,8,9,10,13,15,18,20","2,4,5,6,7,10,11,12,14,18,21,25,28,30",12,0,114,0.0626195306521133
"men","image","all_age_group","healthy","white","all_published_estimate","z","REML","z-test",0.00340145852732852,-0.0281541807022956,0.0349503250709099,0.83271548037408,13,"2,3,4,5,7,8,9,10,13,15,18,20","2,4,6,7,10,11,12,14,18,21,25,28,30",12,0,115,0.0631045057732054
"men","image","all_age_group","healthy","white","all_published_estimate","z","REML","t-test",0.00340145852732852,-0.0316753465064066,0.038469895272721,0.836260011347195,13,"2,3,4,5,7,8,9,10,13,15,18,20","2,4,6,7,10,11,12,14,18,21,25,28,30",12,0,116,0.0701452417791275
"men","image","all_age_group","healthy","white","all_published_estimate","z","ML","t-test",0.00340145853156522,-0.0316753464536069,0.0384698952284075,0.836260010923255,13,"2,3,4,5,7,8,9,10,13,15,18,20","2,4,6,7,10,11,12,14,18,21,25,28,30",12,0,117,0.0701452416820144
"men","image","all_age_group","healthy","white","all_published_estimate","z","ML","z-test",0.00340145853156522,-0.0281541806543641,0.0349503250314621,0.832715479940439,13,"2,3,4,5,7,8,9,10,13,15,18,20","2,4,6,7,10,11,12,14,18,21,25,28,30",12,0,118,0.0631045056858262
"men","all_method","adults","all_sample","all_race","all_published_estimate","z","ML","z-test",0.0037881769264901,-0.0374589591970144,0.0450224270423901,0.857208088385537,15,"1,2,3,4,6,7,8,11,12,13,14,18,19","1,2,4,5,6,9,10,11,15,17,18,19,20,25,26",13,0,119,0.0824813862394045
"men","all_method","adults","all_sample","all_race","all_published_estimate","z","ML","t-test",0.0037881769264901,-0.041344133431567,0.0489050598704916,0.859786446005482,15,"1,2,3,4,6,7,8,11,12,13,14,18,19","1,2,4,5,6,9,10,11,15,17,18,19,20,25,26",13,0,120,0.0902491933020585
"all_sex","image","adults","healthy","all_race","all_published_estimate","z","REML","t-test",0.00443895115734743,-0.0398123436544479,0.048672867948885,0.830742489249782,13,"2,3,4,7,8,11,13,16,18,19","2,3,4,6,10,11,15,16,18,23,25,26,27",10,0,121,0.0884852116033329
"all_sex","image","adults","healthy","all_race","all_published_estimate","z","REML","z-test",0.00443895115734743,-0.0353717369647227,0.0442355734671269,0.827071364121368,13,"2,3,4,7,8,11,13,16,18,19","2,3,4,6,10,11,15,16,18,23,25,26,27",10,0,122,0.0796073104318496
"all_sex","image","adults","healthy","all_race","all_published_estimate","z","ML","t-test",0.00443895115758084,-0.0398123436483979,0.0486728679433054,0.83074248921914,13,"2,3,4,7,8,11,13,16,18,19","2,3,4,6,10,11,15,16,18,23,25,26,27",10,0,123,0.0884852115917033
"all_sex","image","adults","healthy","all_race","all_published_estimate","z","ML","z-test",0.00443895115758084,-0.0353717369592551,0.0442355734621291,0.827071364090021,13,"2,3,4,7,8,11,13,16,18,19","2,3,4,6,10,11,15,16,18,23,25,26,27",10,0,124,0.0796073104213842
"men","all_method","adults","healthy","all_race","all_published_estimate","z","ML","z-test",0.00459616240711339,-0.0387744873310374,0.0479495277861614,0.835530778291257,13,"1,2,3,4,6,7,8,11,12,13,14,18,19","1,2,4,6,9,10,11,15,17,18,20,25,26",13,0,125,0.0867240151171988
"men","all_method","adults","healthy","all_race","all_published_estimate","z","ML","t-test",0.00459616240711339,-0.0436111825724435,0.0527821539122329,0.839012415120854,13,"1,2,3,4,6,7,8,11,12,13,14,18,19","1,2,4,6,9,10,11,15,17,18,20,25,26",13,0,126,0.0963933364846764
"all_sex","all_method","adults","all_sample","all_race","yes","z","ML","t-test",0.0046748039122785,-0.032507754976648,0.0418444407791414,0.792427319327896,16,"1,4,6,7,8,11,12,13,14,16,18,19","1,6,9,10,11,15,16,17,18,19,20,22,23,25,26,27",12,0,127,0.0743521957557894
"all_sex","all_method","adults","all_sample","all_race","yes","z","ML","z-test",0.0046748039122785,-0.0295181916800541,0.0388568715630162,0.788778467433014,16,"1,4,6,7,8,11,12,13,14,16,18,19","1,6,9,10,11,15,16,17,18,19,20,22,23,25,26,27",12,0,128,0.0683750632430703
"all_sex","all_method","adults","all_sample","all_race","yes","z","REML","t-test",0.00467480415416545,-0.0325077549471326,0.041844441232584,0.792427310013102,16,"1,4,6,7,8,11,12,13,14,16,18,19","1,6,9,10,11,15,16,17,18,19,20,22,23,25,26,27",12,0,129,0.0743521961797166
"all_sex","all_method","adults","all_sample","all_race","yes","z","REML","z-test",0.00467480415416545,-0.0295181916334639,0.0388568719995098,0.78877845793997,16,"1,4,6,7,8,11,12,13,14,16,18,19","1,6,9,10,11,15,16,17,18,19,20,22,23,25,26,27",12,0,130,0.0683750636329737
"men","image","all_age_group","healthy","white","yes","z","REML","t-test",0.00475362283156357,-0.0315969424261308,0.0410916296173007,0.776778379971747,11,"4,5,7,8,9,10,13,15,18,20","6,7,10,11,12,14,18,21,25,28,30",10,0,131,0.0726885720434315
"men","image","all_age_group","healthy","white","yes","z","REML","z-test",0.00475362283156357,-0.0272243742643883,0.0367219006265841,0.770825746329389,11,"4,5,7,8,9,10,13,15,18,20","6,7,10,11,12,14,18,21,25,28,30",10,0,132,0.0639462748909723
"men","image","all_age_group","healthy","white","yes","z","ML","z-test",0.00475362283182203,-0.0272243742292368,0.0367219005919702,0.770825746074075,11,"4,5,7,8,9,10,13,15,18,20","6,7,10,11,12,14,18,21,25,28,30",10,0,133,0.063946274821207
"men","image","all_age_group","healthy","white","yes","z","ML","t-test",0.00475362283182203,-0.0315969423862153,0.0410916295779289,0.776778379723732,11,"4,5,7,8,9,10,13,15,18,20","6,7,10,11,12,14,18,21,25,28,30",10,0,134,0.0726885719641442
"men","all_method","all_age_group","healthy","all_race","all_published_estimate","z","ML","z-test",0.00479410407921362,-0.021945974789188,0.0315273286735342,0.725326757310245,19,"1,2,3,4,5,6,7,8,9,10,11,12,13,14,15,18,19,20","1,2,4,6,7,9,10,11,12,14,15,17,18,20,21,25,26,28,30",18,0,135,0.0534733034627222
"men","all_method","all_age_group","healthy","all_race","all_published_estimate","z","ML","t-test",0.00479410407921362,-0.0238683326610255,0.0334486657514209,0.72940586110794,19,"1,2,3,4,5,6,7,8,9,10,11,12,13,14,15,18,19,20","1,2,4,6,7,9,10,11,12,14,15,17,18,20,21,25,26,28,30",18,0,136,0.0573169984124464
"men","all_method","all_age_group","healthy","all_race","all_published_estimate","z","REML","t-test",0.0047941040885455,-0.0238683327107838,0.0334486658197951,0.729405861137916,19,"1,2,3,4,5,6,7,8,9,10,11,12,13,14,15,18,19,20","1,2,4,6,7,9,10,11,12,14,15,17,18,20,21,25,26,28,30",18,0,137,0.0573169985305789
"men","all_method","all_age_group","healthy","all_race","all_published_estimate","z","REML","z-test",0.0047941040885455,-0.0219459748349861,0.0315273287379545,0.725326757340737,19,"1,2,3,4,5,6,7,8,9,10,11,12,13,14,15,18,19,20","1,2,4,6,7,9,10,11,12,14,15,17,18,20,21,25,26,28,30",18,0,138,0.0534733035729406
"men","all_method","all_age_group","all_sample","all_race","all_published_estimate","z","ML","z-test",0.00483096655459832,-0.0215913864870323,0.0312465757713446,0.720111766025745,21,"1,2,3,4,5,6,7,8,9,10,11,12,13,14,15,18,19,20","1,2,4,5,6,7,9,10,11,12,14,15,17,18,19,20,21,25,26,28,30",18,0,139,0.0528379622583769
"men","all_method","all_age_group","all_sample","all_race","all_published_estimate","z","ML","t-test",0.00483096655459832,-0.0232893525815499,0.032943647391487,0.723865969557137,21,"1,2,3,4,5,6,7,8,9,10,11,12,13,14,15,18,19,20","1,2,4,5,6,7,9,10,11,12,14,15,17,18,19,20,21,25,26,28,30",18,0,140,0.0562329999730369
"men","all_method","all_age_group","all_sample","all_race","all_published_estimate","z","REML","t-test",0.00483096656436147,-0.0232893526075305,0.032943647436959,0.723865969359256,21,"1,2,3,4,5,6,7,8,9,10,11,12,13,14,15,18,19,20","1,2,4,5,6,7,9,10,11,12,14,15,17,18,19,20,21,25,26,28,30",18,0,141,0.0562330000444894
"men","all_method","all_age_group","all_sample","all_race","all_published_estimate","z","REML","z-test",0.00483096656436147,-0.0215913865108559,0.0312465758146638,0.720111765824776,21,"1,2,3,4,5,6,7,8,9,10,11,12,13,14,15,18,19,20","1,2,4,5,6,7,9,10,11,12,14,15,17,18,19,20,21,25,26,28,30",18,0,142,0.0528379623255197
"men","image","non-adults","healthy","white","yes","z","ML","z-test",0.00555593513842447,-0.0288425250951737,0.0399412518244856,0.751625640083547,6,"5,9,10,15,20","7,12,14,21,28,30",5,0,143,0.0687837769196593
"men","image","non-adults","healthy","white","yes","z","ML","t-test",0.00555593513842447,-0.0395490820662934,0.0506383562865671,0.764412488844623,6,"5,9,10,15,20","7,12,14,21,28,30",5,0,144,0.0901874383528605
"men","image","non-adults","healthy","white","yes","z","REML","t-test",0.0055559351547716,-0.0395490821335069,0.0506383563863248,0.764412488598232,6,"5,9,10,15,20","7,12,14,21,28,30",5,0,145,0.0901874385198317
"men","image","non-adults","healthy","white","yes","z","REML","z-test",0.0055559351547716,-0.0288425251425788,0.0399412519044976,0.751625639822155,6,"5,9,10,15,20","7,12,14,21,28,30",5,0,146,0.0687837770470765
"men","all_method","all_age_group","healthy","all_race","yes","z","ML","t-test",0.00578423222326815,-0.0234133265337778,0.0349719318942729,0.680135958439395,17,"1,4,5,6,7,8,9,10,11,12,13,14,15,18,19,20","1,6,7,9,10,11,12,14,15,17,18,20,21,25,26,28,30",16,0,147,0.0583852584280507
"men","all_method","all_age_group","healthy","all_race","yes","z","ML","z-test",0.00578423222326815,-0.0212112170039584,0.0327712532326402,0.674551446606723,17,"1,4,5,6,7,8,9,10,11,12,13,14,15,18,19,20","1,6,7,9,10,11,12,14,15,17,18,20,21,25,26,28,30",16,0,148,0.0539824702365986
"men","all_method","all_age_group","healthy","all_race","yes","z","REML","z-test",0.00578423223531462,-0.0212112170287284,0.0327712532814625,0.674551446386273,17,"1,4,5,6,7,8,9,10,11,12,13,14,15,18,19,20","1,6,7,9,10,11,12,14,15,17,18,20,21,25,26,28,30",16,0,149,0.0539824703101908
"men","all_method","all_age_group","healthy","all_race","yes","z","REML","t-test",0.00578423223531462,-0.0234133265615489,0.0349719319460895,0.680135958223443,17,"1,4,5,6,7,8,9,10,11,12,13,14,15,18,19,20","1,6,7,9,10,11,12,14,15,17,18,20,21,25,26,28,30",16,0,150,0.0583852585076385
"men","all_method","all_age_group","all_sample","all_race","yes","z","ML","t-test",0.00583949675223404,-0.0230281653943106,0.0346974292524593,0.674932617779052,18,"1,4,5,6,7,8,9,10,11,12,13,14,15,18,19,20","1,6,7,9,10,11,12,14,15,17,18,19,20,21,25,26,28,30",16,0,151,0.0577255946467699
"men","all_method","all_age_group","all_sample","all_race","yes","z","ML","z-test",0.00583949675223404,-0.0209785127303944,0.0326491089806886,0.669577564563434,18,"1,4,5,6,7,8,9,10,11,12,13,14,15,18,19,20","1,6,7,9,10,11,12,14,15,17,18,19,20,21,25,26,28,30",16,0,152,0.053627621711083
"men","all_method","all_age_group","all_sample","all_race","yes","z","REML","t-test",0.00583949677195353,-0.0230281654374436,0.0346974293349561,0.674932617413488,18,"1,4,5,6,7,8,9,10,11,12,13,14,15,18,19,20","1,6,7,9,10,11,12,14,15,17,18,19,20,21,25,26,28,30",16,0,153,0.0577255947723998
"men","all_method","all_age_group","all_sample","all_race","yes","z","REML","z-test",0.00583949677195353,-0.0209785127690675,0.0326491090587358,0.669577564190657,18,"1,4,5,6,7,8,9,10,11,12,13,14,15,18,19,20","1,6,7,9,10,11,12,14,15,17,18,19,20,21,25,26,28,30",16,0,154,0.0536276218278033
"men","all_method","adults","all_sample","all_race","all_published_estimate","z","REML","z-test",0.00615459558052481,-0.0372960196450212,0.0495819831385013,0.781386174874303,15,"1,2,3,4,6,7,8,11,12,13,14,18,19","1,2,4,5,6,9,10,11,15,17,18,19,20,25,26",13,0,155,0.0868780027835225
"men","all_method","adults","all_sample","all_race","all_published_estimate","z","REML","t-test",0.00615459558052481,-0.0413886596647607,0.0536700428291277,0.785442034586731,15,"1,2,3,4,6,7,8,11,12,13,14,18,19","1,2,4,5,6,9,10,11,15,17,18,19,20,25,26",13,0,156,0.0950587024938884
"men","all_method","adults","clinical","white","all_published_estimate","z","ML","z-test",0.00635394133733306,-0.164050288346961,0.176389947102949,0.942246140617532,2,"3,14","5,19",2,0,157,0.34044023544991
"men","all_method","adults","clinical","white","all_published_estimate","z","ML","t-test",0.00635394133733306,-0.803373381864709,0.807833768407476,0.953959210981051,2,"3,14","5,19",2,0,158,1.61120715027218
"men","all_method","adults","clinical","white","all_published_estimate","z","REML","t-test",0.00635394133738456,-0.8033733818308,0.80783376837429,0.953959210976744,2,"3,14","5,19",2,0,159,1.61120715020509
"men","all_method","adults","clinical","white","all_published_estimate","z","REML","z-test",0.00635394133738456,-0.164050288332565,0.176389947088715,0.94224614061212,2,"3,14","5,19",2,0,160,0.34044023542128
"women","image","all_age_group","healthy","white","all_published_estimate","z","REML","t-test",0.00664615014247928,-0.11187041050593,0.124976290257552,0.891435667560665,6,"2,5,9,17,20","3,8,13,24,29,31",5,0,161,0.236846700763482
"women","image","all_age_group","healthy","white","all_published_estimate","z","REML","z-test",0.00664615014247928,-0.0838788543277245,0.0970623532967035,0.885828231270671,6,"2,5,9,17,20","3,8,13,24,29,31",5,0,162,0.180941207624428
"all_sex","image","adults","healthy","all_race","yes","z","REML","t-test",0.00687605673706584,-0.0407705010591529,0.0544914135303112,0.751649741221639,10,"4,7,8,11,13,16,18,19","6,10,11,15,16,18,23,25,26,27",8,0,163,0.095261914589464
"all_sex","image","adults","healthy","all_race","yes","z","REML","z-test",0.00687605673706584,-0.034411559112703,0.0481402420056489,0.744189762763386,10,"4,7,8,11,13,16,18,19","6,10,11,15,16,18,23,25,26,27",8,0,164,0.0825518011183519
"all_sex","image","adults","healthy","all_race","yes","z","ML","z-test",0.00687605673894879,-0.0344115591180934,0.0481402420147906,0.744189762739296,10,"4,7,8,11,13,16,18,19","6,10,11,15,16,18,23,25,26,27",8,0,165,0.082551801132884
"all_sex","image","adults","healthy","all_race","yes","z","ML","t-test",0.00687605673894879,-0.0407705010656613,0.054491413540566,0.751649741198338,10,"4,7,8,11,13,16,18,19","6,10,11,15,16,18,23,25,26,27",8,0,166,0.0952619146062273
"men","all_method","adults","healthy","all_race","all_published_estimate","z","REML","t-test",0.00715512799411998,-0.0439399922226656,0.0582129136508161,0.765631194459828,13,"1,2,3,4,6,7,8,11,12,13,14,18,19","1,2,4,6,9,10,11,15,17,18,20,25,26",13,0,167,0.102152905873482
"men","all_method","adults","healthy","all_race","all_published_estimate","z","REML","z-test",0.00715512799411998,-0.0388137367878766,0.053093771584536,0.76040687072476,13,"1,2,3,4,6,7,8,11,12,13,14,18,19","1,2,4,6,9,10,11,15,17,18,20,25,26",13,0,168,0.0919075083724127
"all_sex","image","adults","all_sample","all_race","all_published_estimate","z","ML","z-test",0.00716321722470802,-0.0316163787870733,0.0459212791855963,0.717394143125038,15,"2,3,4,7,8,11,13,16,18,19","2,3,4,5,6,10,11,15,16,18,22,23,25,26,27",10,0,169,0.0775376579726696
"all_sex","image","adults","all_sample","all_race","all_published_estimate","z","ML","t-test",0.00716321722470802,-0.0352701673794149,0.0495708201140191,0.722798891580596,15,"2,3,4,7,8,11,13,16,18,19","2,3,4,5,6,10,11,15,16,18,22,23,25,26,27",10,0,170,0.0848409874934341
"all_sex","image","adults","all_sample","all_race","all_published_estimate","z","REML","t-test",0.00716321722560933,-0.0352701673838212,0.0495708201202183,0.722798891580421,15,"2,3,4,7,8,11,13,16,18,19","2,3,4,5,6,10,11,15,16,18,22,23,25,26,27",10,0,171,0.0848409875040395
"all_sex","image","adults","all_sample","all_race","all_published_estimate","z","REML","z-test",0.00716321722560933,-0.0316163787910233,0.0459212791913407,0.717394143124859,15,"2,3,4,7,8,11,13,16,18,19","2,3,4,5,6,10,11,15,16,18,22,23,25,26,27",10,0,172,0.077537657982364
"men","image","all_age_group","all_sample","all_race","all_published_estimate","z","ML","t-test",0.00751508004531313,-0.0241135946919626,0.039128725311222,0.619956625103612,16,"2,3,4,5,7,8,9,10,11,13,15,18,19,20","2,4,5,6,7,10,11,12,14,15,18,21,25,26,28,30",14,0,173,0.0632423200031847
"men","image","all_age_group","all_sample","all_race","all_published_estimate","z","ML","z-test",0.00751508004531313,-0.0215698545259098,0.0365873049400757,0.612595502538957,16,"2,3,4,5,7,8,9,10,11,13,15,18,19,20","2,4,5,6,7,10,11,12,14,15,18,21,25,26,28,30",14,0,174,0.0581571594659855
"men","image","all_age_group","all_sample","all_race","all_published_estimate","z","REML","z-test",0.00751508004844072,-0.0215698545502397,0.0365873049706316,0.612595502726663,16,"2,3,4,5,7,8,9,10,11,13,15,18,19,20","2,4,5,6,7,10,11,12,14,15,18,21,25,26,28,30",14,0,175,0.0581571595208713
"men","image","all_age_group","all_sample","all_race","all_published_estimate","z","REML","t-test",0.00751508004844072,-0.0241135947186918,0.0391287253441717,0.619956625286858,16,"2,3,4,5,7,8,9,10,11,13,15,18,19,20","2,4,5,6,7,10,11,12,14,15,18,21,25,26,28,30",14,0,176,0.0632423200628635
"men","image","all_age_group","healthy","all_race","all_published_estimate","z","ML","t-test",0.00758760115652444,-0.0244512587722674,0.0396108905878622,0.619452216714741,15,"2,3,4,5,7,8,9,10,11,13,15,18,19,20","2,4,6,7,10,11,12,14,15,18,21,25,26,28,30",14,0,177,0.0640621493601296
"men","image","all_age_group","healthy","all_race","all_published_estimate","z","ML","z-test",0.00758760115652444,-0.0216914130559835,0.0368536112941192,0.61154510881916,15,"2,3,4,5,7,8,9,10,11,13,15,18,19,20","2,4,6,7,10,11,12,14,15,18,21,25,26,28,30",14,0,178,0.0585450243501027
"men","image","all_age_group","healthy","all_race","all_published_estimate","z","REML","z-test",0.00758760116334031,-0.0216914130803809,0.0368536113321089,0.611545108879005,15,"2,3,4,5,7,8,9,10,11,13,15,18,19,20","2,4,6,7,10,11,12,14,15,18,21,25,26,28,30",14,0,179,0.0585450244124898
"men","image","all_age_group","healthy","all_race","all_published_estimate","z","REML","t-test",0.00758760116334031,-0.0244512587996044,0.0396108906287838,0.619452216773061,15,"2,3,4,5,7,8,9,10,11,13,15,18,19,20","2,4,6,7,10,11,12,14,15,18,21,25,26,28,30",14,0,180,0.0640621494283882
"men","all_method","adults","all_sample","all_race","yes","z","ML","z-test",0.00819349285927271,-0.0362615896614172,0.052616211931572,0.718011748374081,12,"1,4,6,7,8,11,12,13,14,18,19","1,6,9,10,11,15,17,18,19,20,25,26",11,0,181,0.0888778015929892
"men","all_method","adults","all_sample","all_race","yes","z","ML","t-test",0.00819349285927271,-0.0417219815166497,0.0580681687985645,0.724851600833154,12,"1,4,6,7,8,11,12,13,14,18,19","1,6,9,10,11,15,17,18,19,20,25,26",11,0,182,0.0997901503152142
"men","all_method","adults","healthy","all_race","yes","z","ML","t-test",0.00880124217434171,-0.0433533058823362,0.060907949982137,0.714902178684289,11,"1,4,6,7,8,11,12,13,14,18,19","1,6,9,10,11,15,17,18,20,25,26",11,0,183,0.104261255864473
"men","all_method","adults","healthy","all_race","yes","z","ML","z-test",0.00880124217434171,-0.037082955709938,0.054648407540605,0.70705258197357,11,"1,4,6,7,8,11,12,13,14,18,19","1,6,9,10,11,15,17,18,20,25,26",11,0,184,0.0917313632505431
"men","image","all_age_group","healthy","all_race","yes","z","ML","z-test",0.00884357374425647,-0.0207715410395463,0.0384431828358074,0.558393061143177,13,"4,5,7,8,9,10,11,13,15,18,19,20","6,7,10,11,12,14,15,18,21,25,26,28,30",12,0,185,0.0592147238753538
"men","image","all_age_group","healthy","all_race","yes","z","ML","t-test",0.00884357374425647,-0.0240770470454325,0.0417450354397335,0.569234874805493,13,"4,5,7,8,9,10,11,13,15,18,19,20","6,7,10,11,12,14,15,18,21,25,26,28,30",12,0,186,0.065822082485166
"men","image","all_age_group","healthy","all_race","yes","z","REML","z-test",0.0088435737580127,-0.0207715410576477,0.0384431828813638,0.558393060954444,13,"4,5,7,8,9,10,11,13,15,18,19,20","6,7,10,11,12,14,15,18,21,25,26,28,30",12,0,187,0.0592147239390116
"men","image","all_age_group","healthy","all_race","yes","z","REML","t-test",0.0088435737580127,-0.0240770470670873,0.0417450354888298,0.569234874622792,13,"4,5,7,8,9,10,11,13,15,18,19,20","6,7,10,11,12,14,15,18,21,25,26,28,30",12,0,188,0.0658220825559171
"all_sex","image","adults","healthy","other","yes","z","ML","z-test",0.00899191071710667,-0.037949173400967,0.0558933983323076,0.707431452411825,5,"11,16,19","15,16,23,26,27",3,0,189,0.0938425717332746
"all_sex","image","adults","healthy","other","yes","z","ML","t-test",0.00899191071710667,-0.0574664192028316,0.075370899731169,0.726484789241297,5,"11,16,19","15,16,23,26,27",3,0,190,0.132837318934001
"all_sex","image","adults","healthy","other","yes","z","REML","z-test",0.00899191071816063,-0.0379491734038977,0.0558933983373349,0.707431452402818,5,"11,16,19","15,16,23,26,27",3,0,191,0.0938425717412327
"all_sex","image","adults","healthy","other","yes","z","REML","t-test",0.00899191071816063,-0.0574664192074132,0.0753708997378358,0.726484789232966,5,"11,16,19","15,16,23,26,27",3,0,192,0.132837318945249
"all_sex","image","adults","all_sample","all_race","yes","z","REML","z-test",0.00985586669039446,-0.0307993235931877,0.0504784994724275,0.634755883946326,11,"4,7,8,11,13,16,18,19","6,10,11,15,16,18,22,23,25,26,27",8,0,193,0.0812778230656152
"all_sex","image","adults","all_sample","all_race","yes","z","REML","t-test",0.00985586669039446,-0.0363571170558087,0.0560267875037582,0.644960944101122,11,"4,7,8,11,13,16,18,19","6,10,11,15,16,18,22,23,25,26,27",8,0,194,0.0923839045595669
"all_sex","image","adults","all_sample","all_race","yes","z","ML","z-test",0.00985586669310079,-0.0307993235974403,0.0504784994820727,0.634755883911324,11,"4,7,8,11,13,16,18,19","6,10,11,15,16,18,22,23,25,26,27",8,0,195,0.0812778230795129
"all_sex","image","adults","all_sample","all_race","yes","z","ML","t-test",0.00985586669310079,-0.0363571170610112,0.0560267875143473,0.644960944067319,11,"4,7,8,11,13,16,18,19","6,10,11,15,16,18,22,23,25,26,27",8,0,196,0.0923839045753586
"men","all_method","adults","all_sample","all_race","yes","z","REML","z-test",0.0111442427970255,-0.0361790422356198,0.0584176593215237,0.644500238571084,12,"1,4,6,7,8,11,12,13,14,18,19","1,6,9,10,11,15,17,18,19,20,25,26",11,0,197,0.0945967015571435
"men","all_method","adults","all_sample","all_race","yes","z","REML","t-test",0.0111442427970255,-0.0419915826472676,0.0642172052182204,0.65349049083242,12,"1,4,6,7,8,11,12,13,14,18,19","1,6,9,10,11,15,17,18,19,20,25,26",11,0,198,0.106208787865488
"men","all_method","adults","healthy","all_race","yes","z","REML","t-test",0.0118674212249018,-0.0438229865046158,0.0674843040339677,0.645275696659199,11,"1,4,6,7,8,11,12,13,14,18,19","1,6,9,10,11,15,17,18,20,25,26",11,0,199,0.111307290538583
"men","all_method","adults","healthy","all_race","yes","z","REML","z-test",0.0118674212249018,-0.0371277514815105,0.0608056759757901,0.635081800373443,11,"1,4,6,7,8,11,12,13,14,18,19","1,6,9,10,11,15,17,18,20,25,26",11,0,200,0.0979334274573006
"men","image","adults","all_sample","all_race","all_published_estimate","z","REML","t-test",0.0124240021247646,-0.050394588360812,0.0751446757554614,0.665358569929954,10,"2,3,4,7,8,11,13,18,19","2,4,5,6,10,11,15,18,25,26",9,0,201,0.125539264116273
"men","image","adults","all_sample","all_race","all_published_estimate","z","REML","z-test",0.0124240021247646,-0.0420150702769936,0.0667895228083876,0.654792394411132,10,"2,3,4,7,8,11,13,18,19","2,4,5,6,10,11,15,18,25,26",9,0,202,0.108804593085381
"men","image","adults","all_sample","all_race","all_published_estimate","z","ML","z-test",0.0124240021263238,-0.0420150702708252,0.0667895228053409,0.654792394343232,10,"2,3,4,7,8,11,13,18,19","2,4,5,6,10,11,15,18,25,26",9,0,203,0.108804593076166
"men","image","adults","all_sample","all_race","all_published_estimate","z","ML","t-test",0.0124240021263238,-0.0503945883539379,0.07514467575171,0.665358569864561,10,"2,3,4,7,8,11,13,18,19","2,4,5,6,10,11,15,18,25,26",9,0,204,0.125539264105648
"all_sex","image","adults","all_sample","other","yes","z","ML","t-test",0.0127269060196093,-0.0476079682802165,0.0729692480012861,0.611132985959041,6,"11,16,19","15,16,22,23,26,27",3,0,205,0.120577216281503
"all_sex","image","adults","all_sample","other","yes","z","ML","z-test",0.0127269060196093,-0.0332909704929883,0.0586909347470596,0.587865013240012,6,"11,16,19","15,16,22,23,26,27",3,0,206,0.091981905240048
"all_sex","image","adults","all_sample","other","yes","z","REML","z-test",0.0127269060215108,-0.0332909704957303,0.0586909347535857,0.587865013221914,6,"11,16,19","15,16,22,23,26,27",3,0,207,0.091981905249316
"all_sex","image","adults","all_sample","other","yes","z","REML","t-test",0.0127269060215108,-0.0476079682843996,0.0729692480092398,0.611132985942235,6,"11,16,19","15,16,22,23,26,27",3,0,208,0.120577216293639
"men","image","adults","healthy","all_race","all_published_estimate","z","REML","t-test",0.0129255233941616,-0.0526435903664337,0.0783836650859309,0.661712072731234,9,"2,3,4,7,8,11,13,18,19","2,4,6,10,11,15,18,25,26",9,0,209,0.131027255452365
"men","image","adults","healthy","all_race","all_published_estimate","z","REML","z-test",0.0129255233941616,-0.0428193517821614,0.0685901688846026,0.649640717538789,9,"2,3,4,7,8,11,13,18,19","2,4,6,10,11,15,18,25,26",9,0,210,0.111409520666764
"men","image","adults","healthy","all_race","all_published_estimate","z","ML","z-test",0.0129255233967833,-0.0428193517721342,0.0685901688798239,0.649640717428959,9,"2,3,4,7,8,11,13,18,19","2,4,6,10,11,15,18,25,26",9,0,211,0.111409520651958
"men","image","adults","healthy","all_race","all_published_estimate","z","ML","t-test",0.0129255233967833,-0.052643590355109,0.0783836650798566,0.661712072625983,9,"2,3,4,7,8,11,13,18,19","2,4,6,10,11,15,18,25,26",9,0,212,0.131027255434966
"all_sex","all_method","all_age_group","healthy","white","all_published_estimate","z","REML","t-test",0.0136453514361098,-0.0201546726767748,0.0474142204512629,0.410633049500598,22,"1,2,3,4,5,7,8,9,10,12,13,14,15,17,18,20","1,2,3,4,6,7,8,10,11,12,13,14,17,18,20,21,24,25,28,29,30,31",16,0,213,0.0675688931280377
"all_sex","all_method","all_age_group","healthy","white","all_published_estimate","z","REML","z-test",0.0136453514361098,-0.018210510521213,0.0454735378061505,0.401177168402234,22,"1,2,3,4,5,7,8,9,10,12,13,14,15,17,18,20","1,2,3,4,6,7,8,10,11,12,13,14,17,18,20,21,24,25,28,29,30,31",16,0,214,0.0636840483273635
"all_sex","all_method","all_age_group","all_sample","white","all_published_estimate","z","REML","z-test",0.0136826090818443,-0.0168701200947854,0.0442098102328481,0.380092156610166,24,"1,2,3,4,5,7,8,9,10,12,13,14,15,17,18,20","1,2,3,4,5,6,7,8,10,11,12,13,14,17,18,19,20,21,24,25,28,29,30,31",16,0,215,0.0610799303276335
"all_sex","all_method","all_age_group","all_sample","white","all_published_estimate","z","REML","t-test",0.0136826090818443,-0.0185640851135141,0.0459008673439637,0.389169051093065,24,"1,2,3,4,5,7,8,9,10,12,13,14,15,17,18,20","1,2,3,4,5,6,7,8,10,11,12,13,14,17,18,19,20,21,24,25,28,29,30,31",16,0,216,0.0644649524574779
"all_sex","all_method","all_age_group","healthy","white","all_published_estimate","z","ML","t-test",0.0148462438248293,-0.0154944906730013,0.0451596631886132,0.320455125746142,22,"1,2,3,4,5,7,8,9,10,12,13,14,15,17,18,20","1,2,3,4,6,7,8,10,11,12,13,14,17,18,20,21,24,25,28,29,30,31",16,0,217,0.0606541538616145
"all_sex","all_method","all_age_group","healthy","white","all_published_estimate","z","ML","z-test",0.0148462438248293,-0.0137490866217092,0.0434173101880905,0.308874051459981,22,"1,2,3,4,5,7,8,9,10,12,13,14,15,17,18,20","1,2,3,4,6,7,8,10,11,12,13,14,17,18,20,21,24,25,28,29,30,31",16,0,218,0.0571663968097997
"all_sex","all_method","all_age_group","all_sample","white","all_published_estimate","z","ML","z-test",0.0148805496384329,-0.012791035835562,0.0425293602562868,0.29188705099502,24,"1,2,3,4,5,7,8,9,10,12,13,14,15,17,18,20","1,2,3,4,5,6,7,8,10,11,12,13,14,17,18,19,20,21,24,25,28,29,30,31",16,0,219,0.0553203960918488
"all_sex","all_method","all_age_group","all_sample","white","all_published_estimate","z","ML","t-test",0.0148805496384329,-0.0143254347772457,0.0440611645817751,0.302834116292586,24,"1,2,3,4,5,7,8,9,10,12,13,14,15,17,18,20","1,2,3,4,5,6,7,8,10,11,12,13,14,17,18,19,20,21,24,25,28,29,30,31",16,0,220,0.0583865993590208
"all_sex","all_method","all_age_group","healthy","white","yes","z","REML","t-test",0.0152960507896475,-0.0207049102809602,0.0512573967408954,0.383847378559277,19,"1,4,5,7,8,9,10,12,13,14,15,17,18,20","1,6,7,8,10,11,12,13,14,17,18,20,21,24,25,28,29,30,31",14,0,221,0.0719623070218556
"all_sex","all_method","all_age_group","healthy","white","yes","z","REML","z-test",0.0152960507896475,-0.0182901233985651,0.0488477434971089,0.372069151201805,19,"1,4,5,7,8,9,10,12,13,14,15,17,18,20","1,6,7,8,10,11,12,13,14,17,18,20,21,24,25,28,29,30,31",14,0,222,0.067137866895674
"all_sex","all_method","all_age_group","all_sample","white","yes","z","REML","z-test",0.0153042605960281,-0.0173611533107722,0.0479370393010874,0.358481169411922,20,"1,4,5,7,8,9,10,12,13,14,15,17,18,20","1,6,7,8,10,11,12,13,14,17,18,19,20,21,24,25,28,29,30,31",14,0,223,0.0652981926118596
"all_sex","all_method","all_age_group","all_sample","white","yes","z","REML","t-test",0.0153042605960281,-0.0195782189375217,0.0501495270836761,0.369991715763134,20,"1,4,5,7,8,9,10,12,13,14,15,17,18,20","1,6,7,8,10,11,12,13,14,17,18,19,20,21,24,25,28,29,30,31",14,0,224,0.0697277460211978
"all_sex","all_method","all_age_group","healthy","all_race","all_published_estimate","z","REML","z-test",0.0157746093469435,-0.0083913260996243,0.039922129745997,0.200750306619644,28,"1,2,3,4,5,6,7,8,9,10,11,12,13,14,15,16,17,18,19,20","1,2,3,4,6,7,8,9,10,11,12,13,14,15,16,17,18,20,21,23,24,25,26,27,28,29,30,31",20,1,225,0.0483134558456213
"all_sex","all_method","all_age_group","healthy","all_race","all_published_estimate","z","REML","t-test",0.0157746093469435,-0.00952400028576619,0.0410530379454734,0.211636209985691,28,"1,2,3,4,5,6,7,8,9,10,11,12,13,14,15,16,17,18,19,20","1,2,3,4,6,7,8,9,10,11,12,13,14,15,16,17,18,20,21,23,24,25,26,27,28,29,30,31",20,1,226,0.0505770382312396
"all_sex","all_method","adults","healthy","other","yes","z","ML","t-test",0.0158600685297825,-0.0440046202956869,0.0756112662940146,0.526271732406022,6,"6,11,16,19","9,15,16,23,26,27",4,0,227,0.119615886589701
"all_sex","all_method","adults","healthy","other","yes","z","ML","z-test",0.0158600685297825,-0.0297968619662094,0.0614509556801017,0.496031040685239,6,"6,11,16,19","9,15,16,23,26,27",4,0,228,0.0912478176463111
"all_sex","all_method","adults","healthy","other","yes","z","REML","t-test",0.0158600685468951,-0.044004620322496,0.0756112663547601,0.526271732269391,6,"6,11,16,19","9,15,16,23,26,27",4,0,229,0.119615886677256
"all_sex","all_method","adults","healthy","other","yes","z","REML","z-test",0.0158600685468951,-0.0297968619826094,0.0614509557305587,0.496031040536652,6,"6,11,16,19","9,15,16,23,26,27",4,0,230,0.0912478177131681
"all_sex","all_method","all_age_group","healthy","white","yes","z","ML","z-test",0.0162379612001491,-0.0133608027084848,0.0458082932144419,0.282260454293051,19,"1,4,5,7,8,9,10,12,13,14,15,17,18,20","1,6,7,8,10,11,12,13,14,17,18,20,21,24,25,28,29,30,31",14,0,231,0.0591690959229267
"all_sex","all_method","all_age_group","healthy","white","yes","z","ML","t-test",0.0162379612001491,-0.0154892232960705,0.0479324800152704,0.296462818766864,19,"1,4,5,7,8,9,10,12,13,14,15,17,18,20","1,6,7,8,10,11,12,13,14,17,18,20,21,24,25,28,29,30,31",14,0,232,0.063421703311341
"all_sex","all_method","all_age_group","all_sample","white","yes","z","ML","z-test",0.016275525115898,-0.0126981964372487,0.0452219393467112,0.270898779203741,20,"1,4,5,7,8,9,10,12,13,14,15,17,18,20","1,6,7,8,10,11,12,13,14,17,18,19,20,21,24,25,28,29,30,31",14,0,233,0.0579201357839599
"all_sex","all_method","all_age_group","all_sample","white","yes","z","ML","t-test",0.016275525115898,-0.0146649695889714,0.0471848813503653,0.284652041426309,20,"1,4,5,7,8,9,10,12,13,14,15,17,18,20","1,6,7,8,10,11,12,13,14,17,18,19,20,21,24,25,28,29,30,31",14,0,234,0.0618498509393367
"all_sex","all_method","all_age_group","healthy","all_race","all_published_estimate","z","ML","t-test",0.0164003439377174,-0.00730087970355262,0.0400831512218137,0.167104074589235,28,"1,2,3,4,5,6,7,8,9,10,11,12,13,14,15,16,17,18,19,20","1,2,3,4,6,7,8,9,10,11,12,13,14,15,16,17,18,20,21,23,24,25,26,27,28,29,30,31",20,1,235,0.0473840309253663
"all_sex","all_method","all_age_group","healthy","all_race","all_published_estimate","z","ML","z-test",0.0164003439377174,-0.00623968278315497,0.0390235659427774,0.155660089598883,28,"1,2,3,4,5,6,7,8,9,10,11,12,13,14,15,16,17,18,19,20","1,2,3,4,6,7,8,9,10,11,12,13,14,15,16,17,18,20,21,23,24,25,26,27,28,29,30,31",20,1,236,0.0452632487259324
"all_sex","all_method","all_age_group","all_sample","all_race","all_published_estimate","z","REML","z-test",0.0166315448739655,-0.00676781133365037,0.040012697679476,0.163585531100974,31,"1,2,3,4,5,6,7,8,9,10,11,12,13,14,15,16,17,18,19,20","1,2,3,4,5,6,7,8,9,10,11,12,13,14,15,16,17,18,19,20,21,22,23,24,25,26,27,28,29,30,31",20,1,237,0.0467805090131264
"all_sex","all_method","all_age_group","all_sample","all_race","all_published_estimate","z","REML","t-test",0.0166315448739655,-0.00775048160594388,0.0409938075673612,0.173823261163631,31,"1,2,3,4,5,6,7,8,9,10,11,12,13,14,15,16,17,18,19,20","1,2,3,4,5,6,7,8,9,10,11,12,13,14,15,16,17,18,19,20,21,22,23,24,25,26,27,28,29,30,31",20,1,238,0.0487442891733051
"women","image","all_age_group","healthy","all_race","yes","z","REML","t-test",0.0166517007405941,-0.0406077016854593,0.0738020909822967,0.513931784484568,8,"5,9,11,16,17,19,20","8,13,16,23,24,27,29,31",7,0,239,0.114409792667756
"women","image","all_age_group","healthy","all_race","yes","z","REML","z-test",0.0166517007405941,-0.0308173431218341,0.0640457994099258,0.49180732062188,8,"5,9,11,16,17,19,20","8,13,16,23,24,27,29,31",7,0,240,0.0948631425317599
"all_sex","all_method","all_age_group","healthy","all_race","yes","z","REML","z-test",0.016829631132989,-0.0079280769991384,0.0415667193612946,0.182741031484451,25,"1,4,5,6,7,8,9,10,11,12,13,14,15,16,17,18,19,20","1,6,7,8,9,10,11,12,13,14,15,16,17,18,20,21,23,24,25,26,27,28,29,30,31",18,0,241,0.049494796360433
"all_sex","all_method","all_age_group","healthy","all_race","yes","z","REML","t-test",0.016829631132989,-0.00924094517964819,0.0428773436757315,0.195254592266913,25,"1,4,5,6,7,8,9,10,11,12,13,14,15,16,17,18,19,20","1,6,7,8,9,10,11,12,13,14,15,16,17,18,20,21,23,24,25,26,27,28,29,30,31",18,0,242,0.0521182888553797
"women","image","all_age_group","healthy","all_race","all_published_estimate","z","REML","t-test",0.0168691863187457,-0.0367857658700304,0.0704271586205271,0.489208933372291,9,"2,5,9,11,16,17,19,20","3,8,13,16,23,24,27,29,31",8,0,243,0.107212924490557
"women","image","all_age_group","healthy","all_race","all_published_estimate","z","REML","z-test",0.0168691863187457,-0.0287402335675041,0.0624085109098452,0.468554176630166,9,"2,5,9,11,16,17,19,20","3,8,13,16,23,24,27,29,31",8,0,244,0.0911487444773492
"all_sex","all_method","all_age_group","all_sample","all_race","all_published_estimate","z","ML","t-test",0.0171810963365529,-0.00575011454673214,0.0400942470891886,0.136445719000259,31,"1,2,3,4,5,6,7,8,9,10,11,12,13,14,15,16,17,18,19,20","1,2,3,4,5,6,7,8,9,10,11,12,13,14,15,16,17,18,19,20,21,22,23,24,25,26,27,28,29,30,31",20,1,245,0.0458443616359208
"all_sex","all_method","all_age_group","all_sample","all_race","all_published_estimate","z","ML","z-test",0.0171810963365529,-0.00482588703262431,0.0391714455130545,0.125968204750607,31,"1,2,3,4,5,6,7,8,9,10,11,12,13,14,15,16,17,18,19,20","1,2,3,4,5,6,7,8,9,10,11,12,13,14,15,16,17,18,19,20,21,22,23,24,25,26,27,28,29,30,31",20,1,246,0.0439973325456788
"all_sex","all_method","all_age_group","healthy","all_race","yes","z","ML","t-test",0.0173588943747602,-0.0068961106564875,0.0415934857865991,0.152643084427138,25,"1,4,5,6,7,8,9,10,11,12,13,14,15,16,17,18,19,20","1,6,7,8,9,10,11,12,13,14,15,16,17,18,20,21,23,24,25,26,27,28,29,30,31",18,0,247,0.0484895964430866
"all_sex","all_method","all_age_group","healthy","all_race","yes","z","ML","z-test",0.0173588943747602,-0.0056746231091487,0.0403740017559031,0.139640093417489,25,"1,4,5,6,7,8,9,10,11,12,13,14,15,16,17,18,19,20","1,6,7,8,9,10,11,12,13,14,15,16,17,18,20,21,23,24,25,26,27,28,29,30,31",18,0,248,0.0460486248650518
"all_sex","all_method","all_age_group","all_sample","all_race","yes","z","REML","t-test",0.0177602905104402,-0.00758328788888324,0.0430810674824034,0.161657118098281,27,"1,4,5,6,7,8,9,10,11,12,13,14,15,16,17,18,19,20","1,6,7,8,9,10,11,12,13,14,15,16,17,18,19,20,21,22,23,24,25,26,27,28,29,30,31",18,0,249,0.0506643553712866
"all_sex","all_method","all_age_group","all_sample","all_race","yes","z","REML","z-test",0.0177602905104402,-0.00640498114870536,0.0419048308143167,0.149722480878656,27,"1,4,5,6,7,8,9,10,11,12,13,14,15,16,17,18,19,20","1,6,7,8,9,10,11,12,13,14,15,16,17,18,19,20,21,22,23,24,25,26,27,28,29,30,31",18,0,250,0.0483098119630221
"all_sex","all_method","all_age_group","all_sample","all_race","yes","z","ML","t-test",0.0182025083793837,-0.00543955206601906,0.0418242311150148,0.125595369905787,27,"1,4,5,6,7,8,9,10,11,12,13,14,15,16,17,18,19,20","1,6,7,8,9,10,11,12,13,14,15,16,17,18,19,20,21,22,23,24,25,26,27,28,29,30,31",18,0,251,0.0472637831810339
"all_sex","all_method","all_age_group","all_sample","all_race","yes","z","ML","z-test",0.0182025083793837,-0.00434031834614995,0.0407268438870719,0.113505593140551,27,"1,4,5,6,7,8,9,10,11,12,13,14,15,16,17,18,19,20","1,6,7,8,9,10,11,12,13,14,15,16,17,18,19,20,21,22,23,24,25,26,27,28,29,30,31",18,0,252,0.0450671622332219
"men","image","adults","healthy","all_race","yes","z","REML","z-test",0.0182500227915439,-0.0399291998330883,0.0763059200725634,0.538794977077407,7,"4,7,8,11,13,18,19","6,10,11,15,18,25,26",7,0,253,0.116235119905652
"men","image","adults","healthy","all_race","yes","z","REML","t-test",0.0182500227915439,-0.0543570637949186,0.0906651336650411,0.561363999618331,7,"4,7,8,11,13,18,19","6,10,11,15,18,25,26",7,0,254,0.14502219745996
"men","image","adults","healthy","all_race","yes","z","ML","z-test",0.0182500227918767,-0.0399291998312215,0.0763059200713663,0.538794977059281,7,"4,7,8,11,13,18,19","6,10,11,15,18,25,26",7,0,255,0.116235119902588
"men","image","adults","healthy","all_race","yes","z","ML","t-test",0.0182500227918767,-0.0543570637926735,0.0906651336634682,0.561363999601368,7,"4,7,8,11,13,18,19","6,10,11,15,18,25,26",7,0,256,0.145022197456142
"all_sex","all_method","adults","all_sample","other","yes","z","ML","z-test",0.0191442848259008,-0.0256593582260329,0.0638711722290241,0.402349627350724,7,"6,11,16,19","9,15,16,22,23,26,27",4,0,257,0.089530530455057
"all_sex","all_method","adults","all_sample","other","yes","z","ML","t-test",0.0191442848259008,-0.0367817185465625,0.0749507445243563,0.434431977834356,7,"6,11,16,19","9,15,16,22,23,26,27",4,0,258,0.111732463070919
"all_sex","all_method","adults","all_sample","other","yes","z","REML","z-test",0.0191442848329662,-0.0256593582297048,0.0638711722467617,0.402349627289822,7,"6,11,16,19","9,15,16,22,23,26,27",4,0,259,0.0895305304764665
"all_sex","all_method","adults","all_sample","other","yes","z","REML","t-test",0.0191442848329662,-0.0367817185528971,0.0749507445447204,0.434431977778008,7,"6,11,16,19","9,15,16,22,23,26,27",4,0,260,0.111732463097618
"all_sex","image","all_age_group","healthy","all_race","all_published_estimate","z","REML","z-test",0.0193146889372622,-0.00394368499537665,0.0425521772056174,0.103595769518487,24,"2,3,4,5,7,8,9,10,11,13,15,16,17,18,19,20","2,3,4,6,7,8,10,11,12,13,14,15,16,18,21,23,24,25,26,27,28,29,30,31",16,0,261,0.046495862200994
"all_sex","image","all_age_group","healthy","all_race","all_published_estimate","z","REML","t-test",0.0193146889372622,-0.00523363051115066,0.043839742933419,0.1172188950825,24,"2,3,4,5,7,8,9,10,11,13,15,16,17,18,19,20","2,3,4,6,7,8,10,11,12,13,14,15,16,18,21,23,24,25,26,27,28,29,30,31",16,0,262,0.0490733734445696
"all_sex","image","all_age_group","all_sample","all_race","all_published_estimate","z","REML","t-test",0.0201481452825648,-0.00376190353407068,0.0440351699322018,0.0949583760855306,26,"2,3,4,5,7,8,9,10,11,13,15,16,17,18,19,20","2,3,4,5,6,7,8,10,11,12,13,14,15,16,18,21,22,23,24,25,26,27,28,29,30,31",16,0,263,0.0477970734662725
"all_sex","image","all_age_group","all_sample","all_race","all_published_estimate","z","REML","z-test",0.0201481452825648,-0.00260577965799075,0.0428812178318596,0.0826460272446597,26,"2,3,4,5,7,8,9,10,11,13,15,16,17,18,19,20","2,3,4,5,6,7,8,10,11,12,13,14,15,16,18,21,22,23,24,25,26,27,28,29,30,31",16,0,264,0.0454869974898504
"all_sex","image","all_age_group","healthy","all_race","all_published_estimate","z","ML","t-test",0.0203928065846837,-0.0021689668882211,0.0429338292744074,0.0742929908133409,24,"2,3,4,5,7,8,9,10,11,13,15,16,17,18,19,20","2,3,4,6,7,8,10,11,12,13,14,15,16,18,21,23,24,25,26,27,28,29,30,31",16,0,265,0.0451027961626285
"all_sex","image","all_age_group","healthy","all_race","all_published_estimate","z","ML","z-test",0.0203928065846837,-0.000983356333701366,0.0417503414049909,0.0615098329982535,24,"2,3,4,5,7,8,9,10,11,13,15,16,17,18,19,20","2,3,4,6,7,8,10,11,12,13,14,15,16,18,21,23,24,25,26,27,28,29,30,31",16,0,266,0.0427336977386923
"all_sex","image","all_age_group","healthy","all_race","yes","z","REML","z-test",0.0204095570151165,-0.00323288012470837,0.0440291902139125,0.0906481221543097,21,"4,5,7,8,9,10,11,13,15,16,17,18,19,20","6,7,8,10,11,12,13,14,15,16,18,21,23,24,25,26,27,28,29,30,31",14,0,267,0.0472620703386208
"all_sex","image","all_age_group","healthy","all_race","yes","z","REML","t-test",0.0204095570151165,-0.00475293095285313,0.0455462160984478,0.106170964050654,21,"4,5,7,8,9,10,11,13,15,16,17,18,19,20","6,7,8,10,11,12,13,14,15,16,18,21,23,24,25,26,27,28,29,30,31",14,0,268,0.0502991470513009
"all_sex","image","all_age_group","all_sample","white","all_published_estimate","z","REML","z-test",0.0210326206051501,-0.0075482663523448,0.0495791719423983,0.149194433033806,20,"2,3,4,5,7,8,9,10,13,15,17,18,20","2,3,4,5,6,7,8,10,11,12,13,14,18,21,24,25,28,29,30,31",13,0,269,0.0571274382947431
"all_sex","image","all_age_group","all_sample","white","all_published_estimate","z","REML","t-test",0.0210326206051501,-0.00948867419606321,0.0515147625023608,0.165477164545974,20,"2,3,4,5,7,8,9,10,13,15,17,18,20","2,3,4,5,6,7,8,10,11,12,13,14,18,21,24,25,28,29,30,31",13,0,270,0.061003436698424
"all_sex","image","all_age_group","all_sample","all_race","all_published_estimate","z","ML","z-test",0.0210775758422584,8.15927269352421e-05,0.0420549838353403,0.0491164414973419,26,"2,3,4,5,7,8,9,10,11,13,15,16,17,18,19,20","2,3,4,5,6,7,8,10,11,12,13,14,15,16,18,21,22,23,24,25,26,27,28,29,30,31",16,0,271,0.041973391108405
"all_sex","image","all_age_group","all_sample","all_race","all_published_estimate","z","ML","t-test",0.0210775758422584,-0.000985251476788929,0.0431198933313321,0.0603050970598051,26,"2,3,4,5,7,8,9,10,11,13,15,16,17,18,19,20","2,3,4,5,6,7,8,10,11,12,13,14,15,16,18,21,22,23,24,25,26,27,28,29,30,31",16,0,272,0.044105144808121
"women","image","all_age_group","all_sample","all_race","all_published_estimate","z","REML","t-test",0.0211090495684491,-0.0285880512534551,0.0707020520769232,0.361756925274041,10,"2,5,9,11,16,17,19,20","3,8,13,16,22,23,24,27,29,31",8,0,273,0.0992901033303784
"women","image","all_age_group","all_sample","all_race","all_published_estimate","z","REML","z-test",0.0211090495684491,-0.0219520049464269,0.0640919282722289,0.336656704447039,10,"2,5,9,11,16,17,19,20","3,8,13,16,22,23,24,27,29,31",8,0,274,0.0860439332186558
"all_sex","image","all_age_group","healthy","white","all_published_estimate","z","REML","t-test",0.0211438942922857,-0.0100024510936608,0.0522492521741219,0.170902718041551,19,"2,3,4,5,7,8,9,10,13,15,17,18,20","2,3,4,6,7,8,10,11,12,13,14,18,21,24,25,28,29,30,31",13,0,275,0.0622517032677827
"all_sex","image","all_age_group","healthy","white","all_published_estimate","z","REML","z-test",0.0211438942922857,-0.00791267071083379,0.0501647842796041,0.153788327013327,19,"2,3,4,5,7,8,9,10,13,15,17,18,20","2,3,4,6,7,8,10,11,12,13,14,18,21,24,25,28,29,30,31",13,0,276,0.0580774549904379
"women","image","all_age_group","all_sample","all_race","yes","z","REML","t-test",0.0211777520459617,-0.0312506269843076,0.0734899129767088,0.378905686492868,9,"5,9,11,16,17,19,20","8,13,16,22,23,24,27,29,31",7,0,277,0.104740539961016
"women","image","all_age_group","all_sample","all_race","yes","z","REML","z-test",0.0211777520459617,-0.0233871089047633,0.0656586147085099,0.351655920229817,9,"5,9,11,16,17,19,20","8,13,16,22,23,24,27,29,31",7,0,278,0.0890457236132732
"all_sex","image","all_age_group","all_sample","all_race","yes","z","REML","t-test",0.0213388996178572,-0.00339903244918451,0.0460507300251599,0.0872407518450204,22,"4,5,7,8,9,10,11,13,15,16,17,18,19,20","6,7,8,10,11,12,13,14,15,16,18,21,22,23,24,25,26,27,28,29,30,31",14,0,279,0.0494497624743444
"all_sex","image","all_age_group","all_sample","all_race","yes","z","REML","z-test",0.0213388996178572,-0.00197556748883123,0.0446301811056011,0.0728278609622596,22,"4,5,7,8,9,10,11,13,15,16,17,18,19,20","6,7,8,10,11,12,13,14,15,16,18,21,22,23,24,25,26,27,28,29,30,31",14,0,280,0.0466057485944323
"all_sex","image","all_age_group","healthy","all_race","yes","z","ML","z-test",0.0213944904505945,-0.000181801277307636,0.0429508716203083,0.0519615844246317,21,"4,5,7,8,9,10,11,13,15,16,17,18,19,20","6,7,8,10,11,12,13,14,15,16,18,21,23,24,25,26,27,28,29,30,31",14,0,281,0.0431326728976159
"all_sex","image","all_age_group","healthy","all_race","yes","z","ML","t-test",0.0213944904505945,-0.00156907679613241,0.0443355058166237,0.0661688102558109,21,"4,5,7,8,9,10,11,13,15,16,17,18,19,20","6,7,8,10,11,12,13,14,15,16,18,21,23,24,25,26,27,28,29,30,31",14,0,282,0.0459045826127562
"all_sex","image","all_age_group","all_sample","all_race","yes","z","ML","z-test",0.0221708042236878,0.000849461552612727,0.043471998359914,0.0415461893486253,22,"4,5,7,8,9,10,11,13,15,16,17,18,19,20","6,7,8,10,11,12,13,14,15,16,18,21,22,23,24,25,26,27,28,29,30,31",14,0,283,0.0426225368073013
"all_sex","image","all_age_group","all_sample","all_race","yes","z","ML","t-test",0.0221708042236878,-0.000452363367731616,0.0447712890425234,0.0543387535056481,22,"4,5,7,8,9,10,11,13,15,16,17,18,19,20","6,7,8,10,11,12,13,14,15,16,18,21,22,23,24,25,26,27,28,29,30,31",14,0,284,0.045223652410255
"all_sex","image","all_age_group","healthy","white","yes","z","REML","t-test",0.0228450862077442,-0.0098830208534514,0.0555243007952425,0.157504146632453,16,"4,5,7,8,9,10,13,15,17,18,20","6,7,8,10,11,12,13,14,18,21,24,25,28,29,30,31",11,0,285,0.0654073216486939
"all_sex","image","all_age_group","healthy","white","yes","z","REML","z-test",0.0228450862077442,-0.00724973329308464,0.0528985594775544,0.136784699283693,16,"4,5,7,8,9,10,13,15,17,18,20","6,7,8,10,11,12,13,14,18,21,24,25,28,29,30,31",11,0,286,0.060148292770639
"all_sex","image","all_age_group","all_sample","white","all_published_estimate","z","ML","t-test",0.0228819794585988,-0.00312019592524145,0.0488532338342415,0.0811541878174851,20,"2,3,4,5,7,8,9,10,13,15,17,18,20","2,3,4,5,6,7,8,10,11,12,13,14,18,21,24,25,28,29,30,31",13,0,287,0.051973429759483
"all_sex","image","all_age_group","all_sample","white","all_published_estimate","z","ML","z-test",0.0228819794585988,-0.00146691097054523,0.0472037538975279,0.0654891535007378,20,"2,3,4,5,7,8,9,10,13,15,17,18,20","2,3,4,5,6,7,8,10,11,12,13,14,18,21,24,25,28,29,30,31",13,0,288,0.0486706648680731
"all_sex","image","all_age_group","healthy","white","all_published_estimate","z","ML","z-test",0.0230383057845531,-0.00151559354224363,0.0475644424741328,0.0659144685106103,19,"2,3,4,5,7,8,9,10,13,15,17,18,20","2,3,4,6,7,8,10,11,12,13,14,18,21,24,25,28,29,30,31",13,0,289,0.0490800360163765
"all_sex","image","all_age_group","healthy","white","all_published_estimate","z","ML","t-test",0.0230383057845531,-0.00328176067895032,0.0493264746177852,0.0824710224215598,19,"2,3,4,5,7,8,9,10,13,15,17,18,20","2,3,4,6,7,8,10,11,12,13,14,18,21,24,25,28,29,30,31",13,0,290,0.0526082352967355
"women","image","all_age_group","healthy","all_race","all_published_estimate","z","ML","z-test",0.0236369107452633,-0.0147372240674684,0.0619415186303649,0.227312348513728,9,"2,5,9,11,16,17,19,20","3,8,13,16,23,24,27,29,31",8,0,291,0.0766787426978332
"women","image","all_age_group","healthy","all_race","all_published_estimate","z","ML","t-test",0.0236369107452633,-0.021511058232564,0.0686886712316023,0.261793479873834,9,"2,5,9,11,16,17,19,20","3,8,13,16,23,24,27,29,31",8,0,292,0.0901997294641663
"women","image","all_age_group","healthy","all_race","yes","z","ML","t-test",0.0240845692258854,-0.0230298012022948,0.0710921958715048,0.265985104181043,8,"5,9,11,16,17,19,20","8,13,16,23,24,27,29,31",7,0,293,0.0941219970737996
"women","image","all_age_group","healthy","all_race","yes","z","ML","z-test",0.0240845692258854,-0.0149685372478082,0.0630643062330158,0.226743224412016,8,"5,9,11,16,17,19,20","8,13,16,23,24,27,29,31",7,0,294,0.078032843480824
"all_sex","image","all_age_group","healthy","white","yes","z","ML","t-test",0.0244236175215198,-0.0026496266556138,0.0514610845744235,0.0736913294574687,16,"4,5,7,8,9,10,13,15,17,18,20","6,7,8,10,11,12,13,14,18,21,24,25,28,29,30,31",11,0,295,0.0541107112300373
"all_sex","image","all_age_group","healthy","white","yes","z","ML","z-test",0.0244236175215198,-0.000471066301241702,0.0492880472439161,0.0544946116298717,16,"4,5,7,8,9,10,13,15,17,18,20","6,7,8,10,11,12,13,14,18,21,24,25,28,29,30,31",11,0,296,0.0497591135451579
"all_sex","image","non-adults","healthy","white","yes","z","REML","z-test",0.025277305714171,-0.0100821420819811,0.0605736180774179,0.161158660120444,11,"5,9,10,15,17,20","7,8,12,13,14,21,24,28,29,30,31",6,0,297,0.070655760159399
"all_sex","image","non-adults","healthy","white","yes","z","REML","t-test",0.025277305714171,-0.0149202669317396,0.0653933036041685,0.191420933459188,11,"5,9,10,15,17,20","7,8,12,13,14,21,24,28,29,30,31",6,0,298,0.0803135705359081
"all_sex","image","non-adults","healthy","white","yes","z","ML","z-test",0.0265570224085011,0.00012013903129555,0.0529568098383857,0.0489681722671079,11,"5,9,10,15,17,20","7,8,12,13,14,21,24,28,29,30,31",6,0,299,0.0528366708070902
"all_sex","image","non-adults","healthy","white","yes","z","ML","t-test",0.0265570224085011,-0.00349796558839835,0.0565640750799341,0.0772895740442614,11,"5,9,10,15,17,20","7,8,12,13,14,21,24,28,29,30,31",6,0,300,0.0600620406683324
"women","image","all_age_group","all_sample","all_race","all_published_estimate","z","ML","z-test",0.0282654321272211,-0.006990700242692,0.0634513807310754,0.116086541111203,10,"2,5,9,11,16,17,19,20","3,8,13,16,22,23,24,27,29,31",8,0,301,0.0704420809737674
"women","image","all_age_group","all_sample","all_race","all_published_estimate","z","ML","t-test",0.0282654321272211,-0.0124272502174637,0.0688646456700292,0.150535269148799,10,"2,5,9,11,16,17,19,20","3,8,13,16,22,23,24,27,29,31",8,0,302,0.0812918958874929
"women","image","all_age_group","all_sample","all_race","yes","z","ML","t-test",0.0289853551889918,-0.0128533499129834,0.0707227444943515,0.148780752270421,9,"5,9,11,16,17,19,20","8,13,16,22,23,24,27,29,31",7,0,303,0.0835760944073349
"women","image","all_age_group","all_sample","all_race","yes","z","ML","z-test",0.0289853551889918,-0.00657430083738103,0.0644717972956398,0.110113636391697,9,"5,9,11,16,17,19,20","8,13,16,22,23,24,27,29,31",7,0,304,0.0710460981330208
"men","direct","adults","all_sample","all_race","yes","z","ML","z-test",0.0323754908930694,-0.0706058547684068,0.134673979825806,0.538144129479712,5,"1,6,12,14","1,9,17,19,20",4,0,305,0.205279834594213
"men","direct","adults","all_sample","all_race","yes","z","ML","t-test",0.0323754908930694,-0.113190059552706,0.176580409923683,0.571446552324012,5,"1,6,12,14","1,9,17,19,20",4,0,306,0.289770469476389
"men","image","adults","healthy","other","yes","z","REML","z-test",0.0334443021298123,-0.044974213623181,0.111453179334486,0.403295505027035,2,"11,19","15,26",2,0,307,0.156427392957667
"men","image","adults","healthy","other","yes","z","REML","t-test",0.0334443021298123,-0.442390017030513,0.494585047691199,0.556808952499567,2,"11,19","15,26",2,0,308,0.936975064721712
"men","image","adults","healthy","other","yes","z","ML","t-test",0.0334443021306043,-0.442390016944668,0.494585047611772,0.5568089524269,2,"11,19","15,26",2,0,309,0.936975064556439
"men","image","adults","healthy","other","yes","z","ML","z-test",0.0334443021306043,-0.0449742136060811,0.111453179319131,0.403295504917945,2,"11,19","15,26",2,0,310,0.156427392925212
"men","direct","adults","all_sample","white","yes","z","REML","t-test",0.034771684017709,-0.233132583984542,0.297770106083811,0.711587947767623,4,"1,12,14","1,17,19,20",3,0,311,0.530902690068352
"men","direct","adults","all_sample","white","yes","z","REML","z-test",0.034771684017709,-0.132128767435885,0.199754887121448,0.684322134305896,4,"1,12,14","1,17,19,20",3,0,312,0.331883654557333
"men","direct","adults","healthy","white","yes","z","REML","t-test",0.0383796065611918,-0.361193727631623,0.426045330793526,0.730025050156178,3,"1,12,14","1,17,20",3,0,313,0.78723905842515
"men","direct","adults","healthy","white","yes","z","REML","z-test",0.0383796065611918,-0.150252549345706,0.224315576519778,0.691716802750168,3,"1,12,14","1,17,20",3,0,314,0.374568125865484
"men","direct","adults","healthy","all_race","yes","z","ML","z-test",0.0398280349183683,-0.0766509071451455,0.155234505119825,0.503148125836865,4,"1,6,12,14","1,9,17,20",4,0,315,0.23188541226497
"men","direct","adults","healthy","all_race","yes","z","ML","t-test",0.0398280349183683,-0.148454485341197,0.22532409384334,0.551071239952566,4,"1,6,12,14","1,9,17,20",4,0,316,0.373778579184538
"all_sex","all_method","adults","clinical","all_race","all_published_estimate","z","REML","t-test",0.0409562775731222,-0.256638470354541,0.331457648756041,0.620001267428431,3,"3,14,16","5,19,22",3,0,317,0.588096119110581
"all_sex","all_method","adults","clinical","all_race","all_published_estimate","z","REML","z-test",0.0409562775731222,-0.0969604219812448,0.17732976235584,0.561253634315255,3,"3,14,16","5,19,22",3,0,318,0.274290184337084
"all_sex","all_method","adults","clinical","all_race","all_published_estimate","z","ML","z-test",0.0409562775732496,-0.0969604219768643,0.177329762351804,0.561253634301871,3,"3,14,16","5,19,22",3,0,319,0.274290184328668
"all_sex","all_method","adults","clinical","all_race","all_published_estimate","z","ML","t-test",0.0409562775732496,-0.256638470345615,0.331457648747763,0.620001267417318,3,"3,14,16","5,19,22",3,0,320,0.588096119093378
"women","image","all_age_group","healthy","white","all_published_estimate","z","ML","z-test",0.0465998106109927,0.0130197454432626,0.0800748825442088,0.00654435902787636,6,"2,5,9,17,20","3,8,13,24,29,31",5,0,321,0.0670551371009462
"women","image","all_age_group","healthy","white","all_published_estimate","z","ML","t-test",0.0465998106109927,0.00254846606044665,0.090470648448127,0.041815706532285,6,"2,5,9,17,20","3,8,13,24,29,31",5,0,322,0.0879221823876804
"men","all_method","adults","healthy","other","yes","z","ML","z-test",0.0475185999709385,-0.0252816846099466,0.119817535307588,0.200700476559447,3,"6,11,19","9,15,26",3,0,323,0.145099219917534
"men","all_method","adults","healthy","other","yes","z","ML","t-test",0.0475185999709385,-0.111882045116945,0.204535218547389,0.329077485325456,3,"6,11,19","9,15,26",3,0,324,0.316417263664333
"men","all_method","adults","healthy","other","yes","z","REML","z-test",0.0475185999726812,-0.025281684616884,0.119817535317873,0.200700476596617,3,"6,11,19","9,15,26",3,0,325,0.145099219934757
"men","all_method","adults","healthy","other","yes","z","REML","t-test",0.0475185999726812,-0.111882045134055,0.204535218567338,0.329077485355909,3,"6,11,19","9,15,26",3,0,326,0.316417263701393
"women","image","non-adults","healthy","white","yes","z","ML","z-test",0.0475636606290877,0.0136392718568766,0.0813786763041661,0.00601063076281557,5,"5,9,17,20","8,13,24,29,31",4,0,327,0.0677394044472894
"women","image","non-adults","healthy","white","yes","z","ML","t-test",0.0475636606290877,-0.000506702143172279,0.0954147137293467,0.0515224528505933,5,"5,9,17,20","8,13,24,29,31",4,0,328,0.095921415872519
"men","direct","adults","all_sample","all_race","yes","z","REML","z-test",0.051586905973739,-0.0812485955305805,0.182621763855128,0.446930847073052,5,"1,6,12,14","1,9,17,19,20",4,0,329,0.263870359385709
"men","direct","adults","all_sample","all_race","yes","z","REML","t-test",0.051586905973739,-0.136010413406765,0.235612874596357,0.489294061525236,5,"1,6,12,14","1,9,17,19,20",4,0,330,0.371623288003122
"men","direct","adults","healthy","all_race","yes","z","REML","t-test",0.0554911975369687,-0.177774174712808,0.282852383299437,0.506926816681593,4,"1,6,12,14","1,9,17,20",4,0,331,0.460626558012245
"men","direct","adults","healthy","all_race","yes","z","REML","z-test",0.0554911975369687,-0.089086304025828,0.197778567004139,0.452344502053809,4,"1,6,12,14","1,9,17,20",4,0,332,0.286864871029967
"all_sex","all_method","adults","clinical","all_race","yes","z","ML","t-test",0.0574601766413407,-0.766807218902718,0.810189056810258,0.618497850303347,2,"14,16","19,22",2,0,333,1.57699627571298
"all_sex","all_method","adults","clinical","all_race","yes","z","ML","z-test",0.0574601766413407,-0.107122605724197,0.218977907151761,0.494572596954123,2,"14,16","19,22",2,0,334,0.326100512875958
"all_sex","all_method","adults","clinical","all_race","yes","z","REML","t-test",0.0574601766414013,-0.766807218862704,0.81018905677693,0.61849785027614,2,"14,16","19,22",2,0,335,1.57699627563963
"all_sex","all_method","adults","clinical","all_race","yes","z","REML","z-test",0.0574601766414013,-0.107122605709337,0.218977907137565,0.49457259691452,2,"14,16","19,22",2,0,336,0.326100512846902
"all_sex","image","adults","clinical","all_race","all_published_estimate","z","REML","t-test",0.0574694001049216,-0.782820345060917,0.823526708775428,0.629281985773158,2,"3,16","5,22",2,0,337,1.60634705383634
"all_sex","image","adults","clinical","all_race","all_published_estimate","z","REML","z-test",0.0574694001049216,-0.11322248632051,0.224866225319244,0.510221438950215,2,"3,16","5,22",2,0,338,0.338088711639755
"all_sex","image","adults","clinical","all_race","all_published_estimate","z","ML","z-test",0.0574694001055422,-0.113222486307466,0.224866225307881,0.510221438914535,2,"3,16","5,22",2,0,339,0.338088711615346
"all_sex","image","adults","clinical","all_race","all_published_estimate","z","ML","t-test",0.0574694001055422,-0.78282034502907,0.82352670874936,0.629281985748492,2,"3,16","5,22",2,0,340,1.60634705377843
